Date,^HSI,Rate
1987-01-04,2540.1,
1987-01-11,2561.7,0.85
1987-01-18,2542.6,-0.75
1987-01-25,2499.4,-1.7
1987-02-01,2553.3,2.16
1987-02-08,2673.6,4.71
1987-02-15,2740.5,2.5
1987-02-22,2827.4,3.17
1987-03-01,2877.9,1.79
1987-03-08,2798.6,-2.76
1987-03-15,2721.2,-2.77
1987-03-22,2780.6,2.18
1987-03-29,2798.7,0.65
1987-04-05,2680.0,-4.24
1987-04-12,2766.4,3.22
1987-04-19,2721.1,-1.64
1987-04-26,2707.6,-0.5
1987-05-03,2685.4,-0.82
1987-05-10,2805.1,4.46
1987-05-17,2872.2,2.39
1987-05-24,2897.6,0.88
1987-05-31,2950.8,1.84
1987-06-07,3064.3,3.85
1987-06-14,3129.9,2.14
1987-06-21,3165.6,1.14
1987-06-28,3138.7,-0.85
1987-07-05,3226.0,2.78
1987-07-12,3207.2,-0.58
1987-07-19,3342.1,4.21
1987-07-26,3343.6,0.04
1987-08-02,3479.2,4.06
1987-08-09,3536.2,1.64
1987-08-16,3512.2,-0.68
1987-08-23,3446.6,-1.87
1987-08-30,3611.7,4.79
1987-09-06,3654.5,1.19
1987-09-13,3660.5,0.16
1987-09-20,3650.0,-0.29
1987-09-27,3840.1,5.21
1987-10-04,3902.7,1.63
1987-10-11,3882.4,-0.52
1987-10-18,3783.2,-2.56
1987-10-25,3362.4,-11.12
1987-11-01,2204.5,-34.44
1987-11-08,2113.7,-4.12
1987-11-15,2226.7,5.35
1987-11-22,2214.7,-0.54
1987-11-29,2194.0,-0.93
1987-12-06,1994.2,-9.11
1987-12-13,1989.6,-0.23
1987-12-20,2180.5,9.59
1987-12-27,2379.1,9.11
1988-01-03,2302.8,-3.21
1988-01-10,2460.7,6.86
1988-01-17,2429.8,-1.26
1988-01-24,2422.4,-0.3
1988-01-31,2409.7,-0.52
1988-02-07,2292.6,-4.86
1988-02-14,2287.2,-0.24
1988-02-21,2328.0,1.78
1988-02-28,2383.9,2.4
1988-03-06,2472.4,3.71
1988-03-13,2595.5,4.98
1988-03-20,2607.6,0.47
1988-03-27,2501.4,-4.07
1988-04-03,2544.0,1.7
1988-04-10,2619.9,2.98
1988-04-17,2599.0,-0.8
1988-04-24,2591.4,-0.29
1988-05-01,2602.9,0.44
1988-05-08,2571.7,-1.2
1988-05-15,2532.6,-1.52
1988-05-22,2491.2,-1.63
1988-05-29,2513.7,0.9
1988-06-05,2568.3,2.17
1988-06-12,2647.4,3.08
1988-06-19,2718.0,2.67
1988-06-26,2707.6,-0.38
1988-07-03,2684.6,-0.85
1988-07-10,2752.9,2.54
1988-07-17,2740.7,-0.44
1988-07-24,2661.8,-2.88
1988-07-31,2678.9,0.64
1988-08-07,2671.2,-0.29
1988-08-14,2600.9,-2.63
1988-08-21,2579.8,-0.81
1988-08-28,2464.8,-4.46
1988-09-04,2449.9,-0.6
1988-09-11,2496.6,1.91
1988-09-18,2458.8,-1.51
1988-09-25,2454.4,-0.18
1988-10-02,2441.0,-0.55
1988-10-09,2478.9,1.55
1988-10-16,2593.0,4.6
1988-10-23,2581.7,-0.44
1988-10-30,2614.5,1.27
1988-11-06,2584.5,-1.15
1988-11-13,2583.7,-0.03
1988-11-20,2581.2,-0.1
1988-11-27,2656.1,2.9
1988-12-04,2667.3,0.42
1988-12-11,2671.4,0.15
1988-12-18,2629.1,-1.58
1988-12-25,2656.6,1.05
1989-01-01,2687.4,1.16
1989-01-08,2766.7,2.95
1989-01-15,2844.0,2.79
1989-01-22,2897.9,1.9
1989-01-29,2957.0,2.04
1989-02-05,3106.0,5.04
1989-02-12,3184.2,2.52
1989-02-19,3106.3,-2.45
1989-02-26,3114.2,0.25
1989-03-05,3056.6,-1.85
1989-03-12,3046.8,-0.32
1989-03-19,3136.9,2.96
1989-03-26,3049.6,-2.78
1989-04-02,3005.0,-1.46
1989-04-09,3024.1,0.64
1989-04-16,3082.7,1.94
1989-04-23,3109.2,0.86
1989-04-30,3116.0,0.22
1989-05-07,3262.9,4.71
1989-05-14,3278.4,0.48
1989-05-21,3145.6,-4.05
1989-05-28,2765.7,-12.08
1989-06-04,2675.4,-3.26
1989-06-11,2268.4,-15.21
1989-06-18,2342.4,3.26
1989-06-25,2219.0,-5.27
1989-07-02,2273.9,2.47
1989-07-09,2375.9,4.49
1989-07-16,2516.1,5.9
1989-07-23,2495.7,-0.81
1989-07-30,2526.8,1.25
1989-08-06,2579.1,2.07
1989-08-13,2613.4,1.33
1989-08-20,2573.2,-1.54
1989-08-27,2516.8,-2.19
1989-09-03,2508.9,-0.31
1989-09-10,2620.6,4.45
1989-09-17,2612.8,-0.3
1989-09-24,2706.4,3.58
1989-10-01,2758.2,1.91
1989-10-08,2826.2,2.47
1989-10-15,2782.3,-1.55
1989-10-22,2704.0,-2.81
1989-10-29,2668.0,-1.33
1989-11-05,2739.8,2.69
1989-11-12,2776.9,1.35
1989-11-19,2804.3,0.99
1989-11-26,2808.5,0.15
1989-12-03,2756.9,-1.84
1989-12-10,2754.1,-0.1
1989-12-17,2896.6,5.17
1989-12-24,2921.0,0.84
1989-12-31,2836.6,-2.89
1990-01-07,2839.9,0.12
1990-01-14,2835.0,-0.17
1990-01-21,2776.3,-2.07
1990-01-28,2768.9,-0.27
1990-02-04,2736.6,-1.17
1990-02-11,2893.9,5.75
1990-02-18,2939.3,1.57
1990-02-25,2894.3,-1.53
1990-03-04,2937.0,1.48
1990-03-11,2912.0,-0.85
1990-03-18,2886.0,-0.89
1990-03-25,2974.0,3.05
1990-04-01,2997.0,0.77
1990-04-08,2956.0,-1.37
1990-04-15,2995.0,1.32
1990-04-22,3067.0,2.4
1990-04-29,2986.0,-2.64
1990-05-06,2946.0,-1.34
1990-05-13,2960.0,0.48
1990-05-20,2925.0,-1.18
1990-05-27,3059.0,4.58
1990-06-03,3159.0,3.27
1990-06-10,3174.0,0.47
1990-06-17,3201.0,0.85
1990-06-24,3250.0,1.53
1990-07-01,3278.0,0.86
1990-07-08,3357.0,2.41
1990-07-15,3507.0,4.47
1990-07-22,3540.0,0.94
1990-07-29,3485.0,-1.55
1990-08-05,3356.0,-3.7
1990-08-12,3078.0,-8.28
1990-08-19,3122.0,1.43
1990-08-26,2918.0,-6.53
1990-09-02,3087.0,5.79
1990-09-09,3047.0,-1.3
1990-09-16,3062.0,0.49
1990-09-23,2931.0,-4.28
1990-09-30,2760.0,-5.83
1990-10-07,2850.0,3.26
1990-10-14,2915.0,2.28
1990-10-21,2991.0,2.61
1990-10-28,3050.0,1.97
1990-11-04,2978.0,-2.36
1990-11-11,2932.0,-1.54
1990-11-18,3008.0,2.59
1990-11-25,3016.0,0.27
1990-12-02,2965.0,-1.69
1990-12-09,3163.0,6.68
1990-12-16,3125.0,-1.2
1990-12-23,3079.0,-1.47
1990-12-30,3057.0,-0.71
1991-01-06,3046.0,-0.36
1991-01-13,3058.0,0.39
1991-01-20,3072.0,0.46
1991-01-27,3206.0,4.36
1991-02-03,3223.0,0.53
1991-02-10,3359.0,4.22
1991-02-17,3412.0,1.58
1991-02-24,3475.0,1.85
1991-03-03,3552.0,2.22
1991-03-10,3653.0,2.84
1991-03-17,3722.0,1.89
1991-03-24,3716.0,-0.16
1991-03-31,3745.0,0.78
1991-04-07,3849.0,2.78
1991-04-14,3742.0,-2.78
1991-04-21,3667.0,-2.0
1991-04-28,3625.0,-1.15
1991-05-05,3737.0,3.09
1991-05-12,3750.0,0.35
1991-05-19,3882.0,3.52
1991-05-26,3703.0,-4.61
1991-06-02,3707.0,0.11
1991-06-09,3637.0,-1.89
1991-06-16,3639.0,0.05
1991-06-23,3565.0,-2.03
1991-06-30,3668.0,2.89
1991-07-07,3892.0,6.11
1991-07-14,3915.0,0.59
1991-07-21,4009.0,2.4
1991-07-28,4031.0,0.55
1991-08-04,4059.0,0.69
1991-08-11,4024.0,-0.86
1991-08-18,4063.0,0.97
1991-08-25,4021.0,-1.03
1991-09-01,3998.0,-0.57
1991-09-08,3970.0,-0.7
1991-09-15,3974.0,0.1
1991-09-22,3910.0,-1.61
1991-09-29,3938.0,0.72
1991-10-06,4067.7,3.29
1991-10-13,4018.0,-1.22
1991-10-20,4015.9,-0.05
1991-10-27,3971.9,-1.1
1991-11-03,4037.8,1.66
1991-11-10,4236.6,4.92
1991-11-17,4271.3,0.82
1991-11-24,4243.1,-0.66
1991-12-01,4149.8,-2.2
1991-12-08,4190.0,0.97
1991-12-15,4155.5,-0.82
1991-12-22,4142.6,-0.31
1991-12-29,4236.2,2.26
1992-01-05,4307.1,1.67
1992-01-12,4348.9,0.97
1992-01-19,4454.9,2.44
1992-01-26,4600.1,3.26
1992-02-02,4601.8,0.04
1992-02-09,4711.4,2.38
1992-02-16,4772.3,1.29
1992-02-23,4736.5,-0.75
1992-03-01,4929.1,4.07
1992-03-08,4908.9,-0.41
1992-03-15,5071.2,3.31
1992-03-22,5015.8,-1.09
1992-03-29,5007.6,-0.16
1992-04-05,4916.7,-1.82
1992-04-12,4921.1,0.09
1992-04-19,5082.7,3.28
1992-04-26,5330.2,4.87
1992-05-03,5484.2,2.89
1992-05-10,5608.2,2.26
1992-05-17,5704.5,1.72
1992-05-24,5859.7,2.72
1992-05-31,6080.2,3.76
1992-06-07,6035.8,-0.73
1992-06-14,5819.1,-3.59
1992-06-21,5787.6,-0.54
1992-06-28,6113.1,5.62
1992-07-05,6061.9,-0.84
1992-07-12,5981.4,-1.33
1992-07-19,6128.1,2.45
1992-07-26,5772.8,-5.8
1992-08-02,5881.1,1.88
1992-08-09,5850.9,-0.51
1992-08-16,5822.6,-0.48
1992-08-23,5509.4,-5.38
1992-08-30,5628.6,2.16
1992-09-06,5707.5,1.4
1992-09-13,5537.3,-2.98
1992-09-20,5689.3,2.75
1992-09-27,5686.2,-0.05
1992-10-04,5595.4,-1.6
1992-10-11,5596.7,0.02
1992-10-18,5985.3,6.94
1992-10-25,6262.5,4.63
1992-11-01,6190.7,-1.15
1992-11-08,6315.0,2.01
1992-11-15,6366.6,0.82
1992-11-22,5878.2,-7.67
1992-11-29,5986.7,1.85
1992-12-06,5268.1,-12.0
1992-12-13,5253.2,-0.28
1992-12-20,5192.7,-1.15
1992-12-27,5442.0,4.8
1993-01-03,5512.4,1.29
1993-01-10,5529.6,0.31
1993-01-17,5871.8,6.19
1993-01-24,5914.4,0.73
1993-01-31,5751.4,-2.76
1993-02-07,5747.2,-0.07
1993-02-14,5858.2,1.93
1993-02-21,6170.1,5.32
1993-02-28,6352.0,2.95
1993-03-07,6502.8,2.37
1993-03-14,6170.4,-5.11
1993-03-21,6088.3,-1.33
1993-03-28,6341.3,4.16
1993-04-04,6404.4,1.0
1993-04-11,6285.7,-1.85
1993-04-18,6697.2,6.55
1993-04-25,6750.9,0.8
1993-05-02,6830.5,1.18
1993-05-09,6798.3,-0.47
1993-05-16,7005.3,3.04
1993-05-23,7170.0,2.35
1993-05-30,7397.9,3.18
1993-06-06,7157.5,-3.25
1993-06-13,7266.7,1.53
1993-06-20,7200.8,-0.91
1993-06-27,7014.1,-2.59
1993-07-04,7217.9,2.91
1993-07-11,7070.6,-2.04
1993-07-18,6925.2,-2.06
1993-07-25,6750.3,-2.53
1993-08-01,6989.0,3.54
1993-08-08,7396.8,5.83
1993-08-15,7392.3,-0.06
1993-08-22,7545.4,2.07
1993-08-29,7423.0,-1.62
1993-09-05,7512.1,1.2
1993-09-12,7593.5,1.08
1993-09-19,7418.1,-2.31
1993-09-26,7525.1,1.44
1993-10-03,7676.2,2.01
1993-10-10,8005.6,4.29
1993-10-17,8764.0,9.47
1993-10-24,8719.3,-0.51
1993-10-31,9329.1,6.99
1993-11-07,8996.9,-3.56
1993-11-14,9701.3,7.83
1993-11-21,9263.9,-4.51
1993-11-28,9274.4,0.11
1993-12-05,9294.4,0.22
1993-12-12,10228.1,10.05
1993-12-19,10568.9,3.33
1993-12-26,11039.8,4.46
1994-01-02,11888.4,7.69
1994-01-09,11001.5,-7.46
1994-01-16,10774.3,-2.07
1994-01-23,11459.4,6.36
1994-01-30,11377.8,-0.71
1994-02-06,12157.6,6.85
1994-02-13,11504.0,-5.38
1994-02-20,10825.9,-5.89
1994-02-27,10100.3,-6.7
1994-03-06,9918.2,-1.8
1994-03-13,9905.7,-0.13
1994-03-20,9132.3,-7.81
1994-03-27,9234.2,1.12
1994-04-03,9029.9,-2.21
1994-04-10,9298.2,2.97
1994-04-17,9536.1,2.56
1994-04-24,9156.9,-3.98
1994-05-01,8966.1,-2.08
1994-05-08,8620.3,-3.86
1994-05-15,9134.7,5.97
1994-05-22,9631.6,5.44
1994-05-29,9470.1,-1.68
1994-06-05,9234.3,-2.49
1994-06-12,9111.2,-1.33
1994-06-19,9114.0,0.03
1994-06-26,8881.0,-2.56
1994-07-03,8634.4,-2.78
1994-07-10,8433.0,-2.33
1994-07-17,9117.0,8.11
1994-07-24,9153.0,0.39
1994-07-31,9482.8,3.6
1994-08-07,9602.2,1.26
1994-08-14,9464.6,-1.43
1994-08-21,9404.4,-0.64
1994-08-28,9399.1,-0.06
1994-09-04,9901.6,5.35
1994-09-11,10145.0,2.46
1994-09-18,9968.5,-1.74
1994-09-25,9632.5,-3.37
1994-10-02,9521.2,-1.16
1994-10-09,9284.9,-2.48
1994-10-16,9550.9,2.86
1994-10-23,9338.6,-2.22
1994-10-30,9379.5,0.44
1994-11-06,9530.4,1.61
1994-11-13,9367.9,-1.71
1994-11-20,9427.4,0.64
1994-11-27,8658.8,-8.15
1994-12-04,8221.6,-5.05
1994-12-11,7789.1,-5.26
1994-12-18,8166.4,4.84
1994-12-25,8311.9,1.78
1995-01-01,8191.0,-1.45
1995-01-08,7683.3,-6.2
1995-01-15,7252.3,-5.61
1995-01-22,7278.1,0.36
1995-01-29,7297.1,0.26
1995-02-05,7478.9,2.49
1995-02-12,8012.8,7.14
1995-02-19,8043.0,0.38
1995-02-26,8219.0,2.19
1995-03-05,8185.2,-0.41
1995-03-12,7949.4,-2.88
1995-03-19,8534.7,7.36
1995-03-26,8484.7,-0.59
1995-04-02,8587.7,1.21
1995-04-09,8470.3,-1.37
1995-04-16,8662.0,2.26
1995-04-23,8645.4,-0.19
1995-04-30,8361.0,-3.29
1995-05-07,8332.2,-0.34
1995-05-14,9217.8,10.63
1995-05-21,9013.3,-2.22
1995-05-28,9329.2,3.5
1995-06-04,9559.7,2.47
1995-06-11,9267.6,-3.06
1995-06-18,9314.0,0.5
1995-06-25,9224.4,-0.96
1995-07-02,9206.5,-0.19
1995-07-09,9632.3,4.62
1995-07-16,9728.0,0.99
1995-07-23,9410.2,-3.27
1995-07-30,9451.7,0.44
1995-08-06,9362.8,-0.94
1995-08-13,9006.9,-3.8
1995-08-20,8895.8,-1.23
1995-08-27,9080.4,2.08
1995-09-03,9196.5,1.28
1995-09-10,9393.2,2.14
1995-09-17,9797.4,4.3
1995-09-24,9541.9,-2.61
1995-10-01,9646.3,1.09
1995-10-08,9873.9,2.36
1995-10-15,9883.8,0.1
1995-10-22,9895.2,0.12
1995-10-29,9680.8,-2.17
1995-11-05,9855.8,1.81
1995-11-12,9411.9,-4.5
1995-11-19,9287.9,-1.32
1995-11-26,9488.8,2.16
1995-12-03,9862.6,3.94
1995-12-10,9863.6,0.01
1995-12-17,9858.7,-0.05
1995-12-24,9932.2,0.75
1995-12-31,10073.4,1.42
1996-01-07,10529.9,4.53
1996-01-14,10540.0,0.1
1996-01-21,10764.1,2.13
1996-01-28,11111.9,3.23
1996-02-04,11469.4,3.22
1996-02-11,11310.3,-1.39
1996-02-18,11595.0,2.52
1996-02-25,11390.4,-1.76
1996-03-03,11194.9,-1.72
1996-03-10,11217.8,0.2
1996-03-17,10557.6,-5.89
1996-03-24,11026.7,4.44
1996-03-31,10957.2,-0.63
1996-04-07,11139.9,1.67
1996-04-14,10849.8,-2.6
1996-04-21,10818.5,-0.29
1996-04-28,10732.8,-0.79
1996-05-05,10734.2,0.01
1996-05-12,10597.7,-1.27
1996-05-19,10816.9,2.07
1996-05-26,11019.2,1.87
1996-06-02,11264.7,2.23
1996-06-09,11196.6,-0.6
1996-06-16,10865.0,-2.96
1996-06-23,10855.3,-0.09
1996-06-30,11020.9,1.53
1996-07-07,11177.1,1.42
1996-07-14,10802.7,-3.35
1996-07-21,10845.3,0.39
1996-07-28,10705.6,-1.29
1996-08-04,10962.0,2.4
1996-08-11,11104.0,1.3
1996-08-18,11176.0,0.65
1996-08-25,11424.6,2.22
1996-09-01,11159.0,-2.32
1996-09-08,11025.6,-1.2
1996-09-15,11369.0,3.11
1996-09-22,11592.4,1.96
1996-09-29,11759.4,1.44
1996-10-06,11905.5,1.24
1996-10-13,12218.4,2.63
1996-10-20,12510.1,2.39
1996-10-27,12388.4,-0.97
1996-11-03,12529.3,1.14
1996-11-10,12751.2,1.77
1996-11-17,12889.4,1.08
1996-11-24,13116.8,1.76
1996-12-01,13393.9,2.11
1996-12-08,13102.7,-2.17
1996-12-15,12784.1,-2.43
1996-12-22,13131.4,2.72
1996-12-29,13404.1,2.08
1997-01-05,13222.8,-1.35
1997-01-12,13191.5,-0.24
1997-01-19,13856.4,5.04
1997-01-26,13379.6,-3.44
1997-02-02,13321.8,-0.43
1997-02-09,13660.5,2.54
1997-02-16,13113.3,-4.01
1997-02-23,13444.9,2.53
1997-03-02,13398.7,-0.34
1997-03-09,13337.4,-0.46
1997-03-16,12736.5,-4.51
1997-03-23,12489.3,-1.94
1997-03-30,12534.3,0.36
1997-04-06,12204.6,-2.63
1997-04-13,12516.6,2.56
1997-04-20,12541.1,0.2
1997-04-27,12645.8,0.83
1997-05-04,13081.7,3.45
1997-05-11,13930.8,6.49
1997-05-18,14062.4,0.94
1997-05-25,14331.7,1.92
1997-06-01,14757.8,2.97
1997-06-08,14655.1,-0.7
1997-06-15,14112.6,-3.7
1997-06-22,15154.4,7.38
1997-06-29,15196.8,0.28
1997-07-06,14823.0,-2.46
1997-07-13,15225.3,2.71
1997-07-20,15570.4,2.27
1997-07-27,15658.1,0.56
1997-08-03,16379.2,4.61
1997-08-10,16647.5,1.64
1997-08-17,16096.9,-3.31
1997-08-24,15429.8,-4.14
1997-08-31,14135.2,-8.39
1997-09-07,14563.6,3.03
1997-09-14,14470.5,-0.64
1997-09-21,14384.1,-0.6
1997-09-28,14710.9,2.27
1997-10-05,15128.0,2.84
1997-10-12,14273.1,-5.65
1997-10-19,13601.0,-4.71
1997-10-26,11144.3,-18.06
1997-11-02,10623.8,-4.67
1997-11-09,10104.5,-4.89
1997-11-16,9957.3,-1.46
1997-11-23,10548.2,5.93
1997-11-30,10526.9,-0.2
1997-12-07,11527.6,9.51
1997-12-14,10614.7,-7.92
1997-12-21,10405.8,-1.97
1997-12-28,10342.4,-0.61
1998-01-04,10680.6,3.27
1998-01-11,8894.6,-16.72
1998-01-18,8900.0,0.06
1998-01-25,8920.2,0.23
1998-02-01,9252.4,3.72
1998-02-08,10485.9,13.33
1998-02-15,10274.6,-2.02
1998-02-22,10600.0,3.17
1998-03-01,11480.7,8.31
1998-03-08,10919.5,-4.89
1998-03-15,11057.0,1.26
1998-03-22,11564.2,4.59
1998-03-29,11735.5,1.48
1998-04-05,11052.7,-5.82
1998-04-12,11342.0,2.62
1998-04-19,11001.3,-3.0
1998-04-26,10879.9,-1.1
1998-05-03,10563.68,-2.91
1998-05-10,10060.38,-4.76
1998-05-17,9538.39,-5.19
1998-05-24,9555.98,0.18
1998-05-31,8934.56,-6.5
1998-06-07,8569.47,-4.09
1998-06-14,7915.44,-7.63
1998-06-21,8591.91,8.55
1998-06-28,8607.86,0.19
1998-07-05,8639.31,0.37
1998-07-12,8205.77,-5.02
1998-07-19,8628.93,5.16
1998-07-26,8257.46,-4.3
1998-08-02,7936.2,-3.89
1998-08-09,7018.41,-11.56
1998-08-16,7224.69,2.94
1998-08-23,7527.61,4.19
1998-08-30,7829.74,4.01
1998-09-06,7488.47,-4.36
1998-09-13,7578.48,1.2
1998-09-20,7445.96,-1.75
1998-09-27,7701.61,3.43
1998-10-04,7883.46,2.36
1998-10-11,8506.79,7.91
1998-10-18,9777.01,14.93
1998-10-25,9817.75,0.42
1998-11-01,10154.94,3.43
1998-11-08,10139.75,-0.15
1998-11-15,9997.99,-1.4
1998-11-22,10233.36,2.35
1998-11-29,10742.11,4.97
1998-12-06,9963.14,-7.25
1998-12-13,9952.0,-0.11
1998-12-20,10226.23,2.76
1998-12-27,10292.2,0.65
1999-01-03,10048.58,-2.37
1999-01-10,10722.7,6.71
1999-01-17,10147.4,-5.37
1999-01-24,9738.52,-4.03
1999-01-31,9506.9,-2.38
1999-02-07,9190.2,-3.33
1999-02-14,9425.42,2.56
1999-02-21,9254.12,-1.82
1999-02-28,9858.49,6.53
1999-03-07,10241.12,3.88
1999-03-14,10801.76,5.47
1999-03-21,11082.92,2.6
1999-03-28,10803.31,-2.52
1999-04-04,11072.98,2.5
1999-04-11,11914.1,7.6
1999-04-18,12490.3,4.84
1999-04-25,12905.3,3.32
1999-05-02,13333.2,3.32
1999-05-09,12997.43,-2.52
1999-05-16,12855.52,-1.09
1999-05-23,12272.14,-4.54
1999-05-30,12059.25,-1.73
1999-06-06,12415.54,2.95
1999-06-13,12992.76,4.65
1999-06-20,13408.27,3.2
1999-06-27,13784.51,2.81
1999-07-04,14184.58,2.9
1999-07-11,14222.57,0.27
1999-07-18,13545.24,-4.76
1999-07-25,13093.7,-3.33
1999-08-01,13186.86,0.71
1999-08-08,13167.06,-0.15
1999-08-15,12608.18,-4.24
1999-08-22,13566.74,7.6
1999-08-29,13383.13,-1.35
1999-09-05,13178.31,-1.53
1999-09-12,13855.93,5.14
1999-09-19,13484.84,-2.68
1999-09-26,13032.07,-3.36
1999-10-03,12733.24,-2.29
1999-10-10,13112.42,2.98
1999-10-17,12299.08,-6.2
1999-10-24,12863.08,4.59
1999-10-31,13256.95,3.06
1999-11-07,13610.27,2.67
1999-11-14,14189.67,4.26
1999-11-21,15073.1,6.23
1999-11-28,15274.53,1.34
1999-12-05,15840.41,3.7
1999-12-12,16380.21,3.41
1999-12-19,15986.35,-2.4
1999-12-26,16833.28,5.3
2000-01-02,16962.1,0.77
2000-01-09,15405.63,-9.18
2000-01-16,15542.23,0.89
2000-01-23,15108.41,-2.79
2000-01-30,16185.94,7.13
2000-02-06,15968.12,-1.35
2000-02-13,17380.3,8.84
2000-02-20,16599.16,-4.49
2000-02-27,17200.98,3.63
2000-03-05,17285.24,0.49
2000-03-12,17831.86,3.16
2000-03-19,17082.99,-4.2
2000-03-26,17784.57,4.11
2000-04-02,17406.54,-2.13
2000-04-09,16941.68,-2.67
2000-04-16,16142.76,-4.72
2000-04-23,15367.14,-4.8
2000-04-30,15519.3,0.99
2000-05-07,15268.64,-1.62
2000-05-14,15111.94,-1.03
2000-05-21,14478.26,-4.19
2000-05-28,13722.7,-5.22
2000-06-04,15284.1,11.38
2000-06-11,16120.26,5.47
2000-06-18,16434.38,1.95
2000-06-25,15738.08,-4.24
2000-07-02,16155.78,2.65
2000-07-09,16829.96,4.17
2000-07-16,17586.16,4.49
2000-07-23,17920.86,1.9
2000-07-30,17183.93,-4.11
2000-08-06,17425.7,1.41
2000-08-13,17214.42,-1.21
2000-08-20,17440.0,1.31
2000-08-27,17236.74,-1.17
2000-09-03,17333.61,0.56
2000-09-10,17275.45,-0.34
2000-09-17,16249.53,-5.94
2000-09-24,14612.88,-10.07
2000-10-01,15648.98,7.09
2000-10-08,16184.68,3.42
2000-10-15,14680.5,-9.29
2000-10-22,15044.53,2.48
2000-10-29,14902.46,-0.94
2000-11-05,15594.12,4.64
2000-11-12,15389.39,-1.31
2000-11-19,15180.85,-1.36
2000-11-26,14376.9,-5.3
2000-12-03,14441.43,0.45
2000-12-10,15189.33,5.18
2000-12-17,14975.53,-1.41
2000-12-24,14738.21,-1.58
2000-12-31,15095.53,2.42
2001-01-07,15447.61,2.33
2001-01-14,15295.42,-0.99
2001-01-21,15933.55,4.17
2001-01-28,16044.21,0.69
2001-02-04,16071.29,0.17
2001-02-11,15873.28,-1.23
2001-02-18,15630.31,-1.53
2001-02-25,15280.56,-2.24
2001-03-04,13966.43,-8.6
2001-03-11,14194.35,1.63
2001-03-18,13522.04,-4.74
2001-03-25,12583.36,-6.94
2001-04-01,12760.64,1.41
2001-04-08,12386.61,-2.93
2001-04-15,12989.47,4.87
2001-04-22,13448.13,3.53
2001-04-29,13386.04,-0.46
2001-05-06,13390.99,0.04
2001-05-13,13636.61,1.83
2001-05-20,13459.18,-1.3
2001-05-27,13753.99,2.19
2001-06-03,13141.38,-4.45
2001-06-10,13808.89,5.08
2001-06-17,13102.5,-5.12
2001-06-24,13174.02,0.55
2001-07-01,13042.53,-1.0
2001-07-08,12999.48,-0.33
2001-07-15,12612.79,-2.97
2001-07-22,12301.68,-2.47
2001-07-29,12182.17,-0.97
2001-08-05,12269.08,0.71
2001-08-12,11765.81,-4.1
2001-08-19,11754.81,-0.09
2001-08-26,11110.3,-5.48
2001-09-02,11090.48,-0.18
2001-09-09,10384.2,-6.37
2001-09-16,9655.45,-7.02
2001-09-23,8934.2,-7.47
2001-09-30,9950.7,11.38
2001-10-07,10277.38,3.28
2001-10-14,10274.13,-0.03
2001-10-21,9825.84,-4.36
2001-10-28,10404.74,5.89
2001-11-04,10186.06,-2.1
2001-11-11,10609.25,4.15
2001-11-18,11287.37,6.39
2001-11-25,11322.36,0.31
2001-12-02,11279.25,-0.38
2001-12-09,11832.18,4.9
2001-12-16,11466.11,-3.09
2001-12-23,11158.1,-2.69
2001-12-30,11431.59,2.45
2002-01-06,11702.15,2.37
2002-01-13,11166.46,-4.58
2002-01-20,10972.96,-1.73
2002-01-27,10772.96,-1.82
2002-02-03,10691.25,-0.76
2002-02-10,10518.99,-1.61
2002-02-17,10961.88,4.21
2002-02-24,10664.94,-2.71
2002-03-03,10425.31,-2.25
2002-03-10,11233.23,7.75
2002-03-17,11210.25,-0.2
2002-03-24,10863.07,-3.1
2002-03-31,11032.92,1.56
2002-04-07,10831.37,-1.83
2002-04-14,10710.48,-1.12
2002-04-21,11252.18,5.06
2002-04-28,11385.08,1.18
2002-05-05,11797.22,3.62
2002-05-12,11645.9,-1.28
2002-05-19,11974.61,2.82
2002-05-26,11626.78,-2.9
2002-06-02,11301.94,-2.79
2002-06-09,11284.71,-0.15
2002-06-16,10955.52,-2.92
2002-06-23,10591.86,-3.32
2002-06-30,10598.55,0.06
2002-07-07,10806.16,1.96
2002-07-14,10648.3,-1.46
2002-07-21,10325.46,-3.03
2002-07-28,9773.12,-5.35
2002-08-04,9991.72,2.24
2002-08-11,10014.06,0.22
2002-08-18,10265.04,2.51
2002-08-25,10245.69,-0.19
2002-09-01,10043.87,-1.97
2002-09-08,9720.86,-3.22
2002-09-15,9650.97,-0.72
2002-09-22,9328.22,-3.34
2002-09-29,9294.46,-0.36
2002-10-06,9051.37,-2.62
2002-10-13,8965.73,-0.95
2002-10-20,9613.07,7.22
2002-10-27,9722.54,1.14
2002-11-03,9407.68,-3.24
2002-11-10,9770.68,3.86
2002-11-17,9865.65,0.97
2002-11-24,10065.32,2.02
2002-12-01,10069.87,0.05
2002-12-08,9973.75,-0.95
2002-12-15,9728.43,-2.46
2002-12-22,9628.69,-1.03
2002-12-29,9445.26,-1.91
2003-01-05,9583.85,1.47
2003-01-12,9721.5,1.44
2003-01-19,9614.59,-1.1
2003-01-26,9460.6,-1.6
2003-02-02,9258.95,-2.13
2003-02-09,9150.95,-1.17
2003-02-16,9201.76,0.56
2003-02-23,9250.86,0.53
2003-03-02,9122.66,-1.39
2003-03-09,8907.1,-2.36
2003-03-16,8956.17,0.55
2003-03-23,9179.19,2.49
2003-03-30,8863.36,-3.44
2003-04-06,8822.45,-0.46
2003-04-13,8645.65,-2.0
2003-04-20,8579.14,-0.77
2003-04-27,8409.01,-1.98
2003-05-04,8808.18,4.75
2003-05-11,9084.16,3.13
2003-05-18,9093.18,0.1
2003-05-25,9303.73,2.32
2003-06-01,9487.38,1.97
2003-06-08,9694.63,2.18
2003-06-15,9855.64,1.66
2003-06-22,9930.31,0.76
2003-06-29,9657.21,-2.75
2003-07-06,9636.81,-0.21
2003-07-13,9911.5,2.85
2003-07-20,10140.84,2.31
2003-07-27,9939.2,-1.99
2003-08-03,10248.6,3.11
2003-08-10,9945.22,-2.96
2003-08-17,10424.56,4.82
2003-08-24,10760.73,3.22
2003-08-31,10908.99,1.38
2003-09-07,11170.61,2.4
2003-09-14,10883.52,-2.57
2003-09-21,10968.42,0.78
2003-09-28,11290.15,2.93
2003-10-05,11608.72,2.82
2003-10-12,11935.83,2.82
2003-10-19,12044.49,0.91
2003-10-26,11736.37,-2.56
2003-11-02,12190.1,3.87
2003-11-09,12215.17,0.21
2003-11-16,12203.53,-0.1
2003-11-23,11839.8,-2.98
2003-11-30,12317.47,4.03
2003-12-07,12314.73,-0.02
2003-12-14,12594.42,2.27
2003-12-21,12371.75,-1.77
2003-12-28,12456.7,0.69
2004-01-04,12801.48,2.77
2004-01-11,13385.8,4.56
2004-01-18,13167.76,-1.63
2004-01-25,13750.58,4.43
2004-02-01,13289.37,-3.35
2004-02-08,13309.6,0.15
2004-02-15,13739.8,3.23
2004-02-22,13868.37,0.94
2004-02-29,13907.03,0.28
2004-03-07,13454.76,-3.25
2004-03-14,12932.23,-3.88
2004-03-21,12790.58,-1.1
2004-03-28,12483.24,-2.4
2004-04-04,12731.76,1.99
2004-04-11,12909.37,1.4
2004-04-18,12458.38,-3.49
2004-04-25,12383.94,-0.6
2004-05-02,11942.96,-3.56
2004-05-09,11910.76,-0.27
2004-05-16,11276.86,-5.32
2004-05-23,11576.01,2.65
2004-05-30,12116.87,4.67
2004-06-06,12022.64,-0.78
2004-06-13,12396.39,3.11
2004-06-20,11855.55,-4.36
2004-06-27,12185.52,2.78
2004-07-04,12220.13,0.28
2004-07-11,12202.26,-0.15
2004-07-18,12059.2,-1.17
2004-07-25,12352.99,2.44
2004-08-01,12238.03,-0.93
2004-08-08,12478.68,1.97
2004-08-15,12359.83,-0.95
2004-08-22,12376.9,0.14
2004-08-29,12818.42,3.57
2004-09-05,12948.1,1.01
2004-09-12,13003.99,0.43
2004-09-19,13224.93,1.7
2004-09-26,13066.84,-1.2
2004-10-03,13120.03,0.41
2004-10-10,13241.46,0.93
2004-10-17,13059.43,-1.37
2004-10-24,13015.2,-0.34
2004-10-31,13054.66,0.3
2004-11-07,13494.95,3.37
2004-11-14,13784.46,2.15
2004-11-21,13787.68,0.02
2004-11-28,13895.03,0.78
2004-12-05,14211.84,2.28
2004-12-12,13901.81,-2.18
2004-12-19,13992.44,0.65
2004-12-26,14194.9,1.45
2005-01-02,14230.14,0.25
2005-01-09,13574.86,-4.6
2005-01-16,13494.78,-0.59
2005-01-23,13481.02,-0.1
2005-01-30,13650.06,1.25
2005-02-06,13585.17,-0.48
2005-02-13,13845.63,1.92
2005-02-20,14087.87,1.75
2005-02-27,14157.09,0.49
2005-03-06,13730.78,-3.01
2005-03-13,13890.93,1.17
2005-03-20,13828.37,-0.45
2005-03-27,13597.1,-1.67
2005-04-03,13491.35,-0.78
2005-04-10,13666.72,1.3
2005-04-17,13638.75,-0.2
2005-04-24,13693.55,0.4
2005-05-01,13908.97,1.57
2005-05-08,14033.96,0.9
2005-05-15,13866.81,-1.19
2005-05-22,13717.42,-1.08
2005-05-29,13714.78,-0.02
2005-06-05,13818.45,0.76
2005-06-12,13934.76,0.84
2005-06-19,13912.03,-0.16
2005-06-26,14230.29,2.29
2005-07-03,14201.06,-0.21
2005-07-10,13964.47,-1.67
2005-07-17,14504.29,3.87
2005-07-24,14786.46,1.95
2005-07-31,14880.98,0.64
2005-08-07,15051.32,1.14
2005-08-14,15450.95,2.66
2005-08-21,15038.61,-2.67
2005-08-28,14982.89,-0.37
2005-09-04,15221.89,1.6
2005-09-11,15165.77,-0.37
2005-09-18,14983.2,-1.2
2005-09-25,15143.97,1.07
2005-10-02,15428.52,1.88
2005-10-09,14847.79,-3.76
2005-10-16,14485.88,-2.44
2005-10-23,14487.85,0.01
2005-10-30,14215.83,-1.88
2005-11-06,14585.79,2.6
2005-11-13,14740.6,1.06
2005-11-20,14883.32,0.97
2005-11-27,15081.47,1.33
2005-12-04,15200.38,0.79
2005-12-11,14910.51,-1.91
2005-12-18,15029.81,0.8
2005-12-25,15183.58,1.02
2006-01-01,14876.43,-2.02
2006-01-08,15344.44,3.15
2006-01-15,15787.97,2.89
2006-01-22,15662.08,-0.8
2006-01-29,15753.14,0.58
2006-02-05,15429.73,-2.05
2006-02-12,15425.95,-0.02
2006-02-19,15475.69,0.32
2006-02-26,15856.05,2.46
2006-03-05,15802.0,-0.34
2006-03-12,15445.05,-2.26
2006-03-19,15801.66,2.31
2006-03-26,15716.46,-0.54
2006-04-02,15805.04,0.56
2006-04-09,16471.78,4.22
2006-04-16,16429.45,-0.26
2006-04-23,16912.15,2.94
2006-04-30,16661.3,-1.48
2006-05-07,17013.93,2.12
2006-05-14,16901.85,-0.66
2006-05-21,16313.36,-3.48
2006-05-28,15895.1,-2.56
2006-06-04,15912.71,0.11
2006-06-11,15628.69,-1.78
2006-06-18,15842.65,1.37
2006-06-25,15808.81,-0.21
2006-07-02,16267.62,2.9
2006-07-09,16459.78,1.18
2006-07-16,16135.71,-1.97
2006-07-23,16464.18,2.04
2006-07-30,16955.04,2.98
2006-08-06,16887.8,-0.4
2006-08-13,17249.95,2.14
2006-08-20,17330.7,0.47
2006-08-27,16955.45,-2.17
2006-09-03,17423.72,2.76
2006-09-10,17145.76,-1.6
2006-09-17,17237.65,0.54
2006-09-24,17600.65,2.11
2006-10-01,17543.05,-0.33
2006-10-08,17903.39,2.05
2006-10-15,17988.86,0.48
2006-10-22,18113.55,0.69
2006-10-29,18297.55,1.02
2006-11-05,18749.69,2.47
2006-11-12,18891.14,0.75
2006-11-19,19182.71,1.54
2006-11-26,19260.3,0.4
2006-12-03,18690.82,-2.96
2006-12-10,18739.99,0.26
2006-12-17,19110.65,1.98
2006-12-24,19320.52,1.1
2006-12-31,19964.72,3.33
2007-01-07,20211.28,1.23
2007-01-14,19613.41,-2.96
2007-01-21,20327.72,3.64
2007-01-28,20281.13,-0.23
2007-02-04,20563.68,1.39
2007-02-11,20677.66,0.55
2007-02-18,20567.91,-0.53
2007-02-25,20711.65,0.7
2007-03-04,19442.01,-6.13
2007-03-11,19134.88,-1.58
2007-03-18,18953.5,-0.95
2007-03-25,19692.64,3.9
2007-04-01,19800.93,0.55
2007-04-08,20209.71,2.06
2007-04-15,20340.97,0.65
2007-04-22,20566.59,1.11
2007-04-29,20526.5,-0.19
2007-05-06,20841.08,1.53
2007-05-13,20468.21,-1.79
2007-05-20,20904.84,2.13
2007-05-27,20520.66,-1.84
2007-06-03,20602.87,0.4
2007-06-10,20509.15,-0.45
2007-06-17,21017.05,2.48
2007-06-24,21999.91,4.68
2007-07-01,21772.73,-1.03
2007-07-08,22531.74,3.49
2007-07-15,23099.29,2.52
2007-07-22,23291.9,0.83
2007-07-29,22570.41,-3.1
2007-08-05,22538.44,-0.14
2007-08-12,21792.71,-3.31
2007-08-19,20387.13,-6.45
2007-08-26,22921.89,12.43
2007-09-02,23984.14,4.63
2007-09-09,23982.61,-0.01
2007-09-16,24898.11,3.82
2007-09-23,25843.78,3.8
2007-09-30,27142.47,5.03
2007-10-07,27831.52,2.54
2007-10-14,28838.37,3.62
2007-10-21,29465.05,2.17
2007-10-28,30405.22,3.19
2007-11-04,30468.34,0.21
2007-11-11,28783.41,-5.53
2007-11-18,27614.43,-4.06
2007-11-25,26541.09,-3.89
2007-12-02,28643.61,7.92
2007-12-09,28842.47,0.69
2007-12-16,27563.64,-4.43
2007-12-23,27626.92,0.23
2007-12-30,27370.6,-0.93
2008-01-06,27519.69,0.54
2008-01-13,26867.01,-2.37
2008-01-20,25201.87,-6.2
2008-01-27,25122.37,-0.32
2008-02-03,24123.58,-3.98
2008-02-10,23469.46,-2.71
2008-02-17,24148.43,2.89
2008-02-24,23305.04,-3.49
2008-03-02,24331.67,4.41
2008-03-09,22501.33,-7.52
2008-03-16,22237.11,-1.17
2008-03-23,21108.22,-5.08
2008-03-30,23285.95,10.32
2008-04-06,24264.63,4.2
2008-04-13,24667.79,1.66
2008-04-20,24197.78,-1.91
2008-04-27,25516.78,5.45
2008-05-04,26241.02,2.84
2008-05-11,25063.17,-4.49
2008-05-18,25618.86,2.22
2008-05-25,24714.07,-3.53
2008-06-01,24533.12,-0.73
2008-06-08,24402.18,-0.53
2008-06-15,22592.3,-7.42
2008-06-22,22745.6,0.68
2008-06-29,22042.35,-3.09
2008-07-06,21423.82,-2.81
2008-07-13,22184.55,3.55
2008-07-20,21874.19,-1.4
2008-07-27,22740.71,3.96
2008-08-03,22862.6,0.54
2008-08-10,21885.21,-4.28
2008-08-17,21160.58,-3.31
2008-08-24,20392.06,-3.63
2008-08-31,21261.89,4.27
2008-09-07,19933.28,-6.25
2008-09-14,19352.9,-2.91
2008-09-21,19327.73,-0.13
2008-09-28,18682.09,-3.34
2008-10-05,17682.4,-5.35
2008-10-12,14796.87,-16.32
2008-10-19,14554.21,-1.64
2008-10-26,12618.38,-13.3
2008-11-02,13968.67,10.7
2008-11-09,14243.43,1.97
2008-11-16,13542.66,-4.92
2008-11-23,12659.2,-6.52
2008-11-30,13888.24,9.71
2008-12-07,13846.09,-0.3
2008-12-14,14758.39,6.59
2008-12-21,15127.51,2.5
2008-12-28,14184.14,-6.24
2009-01-04,15042.81,6.05
2009-01-11,14377.44,-4.42
2009-01-18,13255.51,-7.8
2009-01-25,12578.6,-5.11
2009-02-01,13278.21,5.56
2009-02-08,13655.04,2.84
2009-02-15,13554.67,-0.74
2009-02-22,12699.17,-6.31
2009-03-01,12811.57,0.89
2009-03-08,11921.52,-6.95
2009-03-15,12525.8,5.07
2009-03-22,12833.51,2.46
2009-03-29,14119.5,10.02
2009-04-05,14545.69,3.02
2009-04-12,14901.41,2.45
2009-04-19,15601.27,4.7
2009-04-26,15258.85,-2.19
2009-05-03,15520.99,1.72
2009-05-10,17389.87,12.04
2009-05-17,16790.7,-3.45
2009-05-24,17062.52,1.62
2009-05-31,18171.0,6.5
2009-06-07,18679.53,2.8
2009-06-14,18889.68,1.13
2009-06-21,17920.93,-5.13
2009-06-28,18600.26,3.79
2009-07-05,18203.4,-2.13
2009-07-12,17708.42,-2.72
2009-07-19,18805.66,6.2
2009-07-26,19982.79,6.26
2009-08-02,20573.33,2.96
2009-08-09,20375.37,-0.96
2009-08-16,20893.33,2.54
2009-08-23,20199.02,-3.32
2009-08-30,20098.62,-0.5
2009-09-06,20318.62,1.09
2009-09-13,21161.42,4.15
2009-09-20,21623.45,2.18
2009-09-27,21024.4,-2.77
2009-10-04,20375.49,-3.09
2009-10-11,21499.44,5.52
2009-10-18,21929.9,2.0
2009-10-25,22589.73,3.01
2009-11-01,21752.87,-3.7
2009-11-08,21829.72,0.35
2009-11-15,22553.63,3.32
2009-11-22,22455.84,-0.43
2009-11-29,21134.5,-5.88
2009-12-06,22498.15,6.45
2009-12-13,21902.11,-2.65
2009-12-20,21175.88,-3.32
2009-12-27,21517.0,1.61
2010-01-03,21872.5,1.65
2010-01-10,22296.75,1.94
2010-01-17,21654.16,-2.88
2010-01-24,20726.18,-4.29
2010-01-31,20121.99,-2.92
2010-02-07,19665.08,-2.27
2010-02-14,20268.69,3.07
2010-02-21,19894.02,-1.85
2010-02-28,20608.7,3.59
2010-03-07,20787.97,0.87
2010-03-14,21209.74,2.03
2010-03-21,21370.82,0.76
2010-03-28,21053.11,-1.49
2010-04-04,21537.0,2.3
2010-04-11,22208.5,3.12
2010-04-18,21865.26,-1.55
2010-04-25,21244.49,-2.84
2010-05-02,21108.59,-0.64
2010-05-09,19920.29,-5.63
2010-05-16,20145.43,1.13
2010-05-23,19545.83,-2.98
2010-05-30,19766.71,1.13
2010-06-06,19780.07,0.07
2010-06-13,19872.38,0.47
2010-06-20,20286.71,2.08
2010-06-27,20690.79,1.99
2010-07-04,19905.32,-3.8
2010-07-11,20378.66,2.38
2010-07-18,20250.16,-0.63
2010-07-25,20815.33,2.79
2010-08-01,21029.81,1.03
2010-08-08,21678.8,3.09
2010-08-15,21071.57,-2.8
2010-08-22,20981.82,-0.43
2010-08-29,20597.35,-1.83
2010-09-05,20971.5,1.82
2010-09-12,21257.39,1.36
2010-09-19,21970.86,3.36
2010-09-26,22119.43,0.68
2010-10-03,22358.17,1.08
2010-10-10,22944.18,2.62
2010-10-17,23757.63,3.55
2010-10-24,23517.54,-1.01
2010-10-31,23096.32,-1.79
2010-11-07,24876.82,7.71
2010-11-14,24222.58,-2.63
2010-11-21,23605.71,-2.55
2010-11-28,22877.25,-3.09
2010-12-05,23320.52,1.94
2010-12-12,23162.91,-0.68
2010-12-19,22714.85,-1.93
2010-12-26,22833.8,0.52
2011-01-02,23035.45,0.88
2011-01-09,23686.63,2.83
2011-01-16,24283.23,2.52
2011-01-23,23876.86,-1.67
2011-01-30,23617.02,-1.09
2011-02-06,23908.96,1.24
2011-02-13,22828.92,-4.52
2011-02-20,23595.24,3.36
2011-02-27,23012.37,-2.47
2011-03-06,23408.86,1.72
2011-03-13,23249.78,-0.68
2011-03-20,22300.23,-4.08
2011-03-27,23158.67,3.85
2011-04-03,23801.9,2.78
2011-04-10,24396.07,2.5
2011-04-17,24008.07,-1.59
2011-04-24,24138.31,0.54
2011-05-01,23720.81,-1.73
2011-05-08,23159.14,-2.37
2011-05-15,23276.27,0.51
2011-05-22,23199.39,-0.33
2011-05-29,23118.07,-0.35
2011-06-05,22949.56,-0.73
2011-06-12,22420.37,-2.31
2011-06-19,21695.26,-3.23
2011-06-26,22171.95,2.2
2011-07-03,22398.1,1.02
2011-07-10,22726.43,1.47
2011-07-17,21875.38,-3.74
2011-07-24,22444.8,2.6
2011-07-31,22440.25,-0.02
2011-08-07,20946.14,-6.66
2011-08-14,19620.01,-6.33
2011-08-21,19399.92,-1.12
2011-08-28,19582.88,0.94
2011-09-04,20212.91,3.22
2011-09-11,19866.63,-1.71
2011-09-18,19455.31,-2.07
2011-09-25,17668.83,-9.18
2011-10-02,17592.41,-0.43
2011-10-09,17707.01,0.65
2011-10-16,18501.79,4.49
2011-10-23,18025.72,-2.57
2011-10-30,20019.24,11.06
2011-11-06,19842.79,-0.88
2011-11-13,19137.17,-3.56
2011-11-20,18491.23,-3.38
2011-11-27,17689.48,-4.34
2011-12-04,19040.39,7.64
2011-12-11,18586.23,-2.39
2011-12-18,18285.39,-1.62
2011-12-25,18629.17,1.88
2012-01-01,18434.39,-1.05
2012-01-08,18593.06,0.86
2012-01-15,19204.42,3.29
2012-01-22,20110.37,4.72
2012-01-29,20501.67,1.95
2012-02-05,20756.98,1.25
2012-02-12,20783.86,0.13
2012-02-19,21491.62,3.41
2012-02-26,21406.86,-0.39
2012-03-04,21562.26,0.73
2012-03-11,21086.0,-2.21
2012-03-18,21317.85,1.1
2012-03-25,20668.8,-3.04
2012-04-01,20555.58,-0.55
2012-04-08,20593.0,0.18
2012-04-15,20701.04,0.52
2012-04-22,21010.64,1.5
2012-04-29,20741.45,-1.28
2012-05-06,21086.0,1.66
2012-05-13,19964.63,-5.32
2012-05-20,18951.85,-5.07
2012-05-27,18713.41,-1.26
2012-06-03,18558.34,-0.83
2012-06-10,18502.34,-0.3
2012-06-17,19233.94,3.95
2012-06-24,18995.13,-1.24
2012-07-01,19441.46,2.35
2012-07-08,19800.64,1.85
2012-07-15,19092.63,-3.58
2012-07-22,19640.8,2.87
2012-07-29,19274.96,-1.86
2012-08-05,19666.18,2.03
2012-08-12,20136.12,2.39
2012-08-19,20116.07,-0.1
2012-08-26,19880.03,-1.17
2012-09-02,19482.57,-2.0
2012-09-09,19802.16,1.64
2012-09-16,20629.78,4.18
2012-09-23,20734.94,0.51
2012-09-30,20840.38,0.51
2012-10-07,21012.38,0.83
2012-10-14,21136.43,0.59
2012-10-21,21551.76,1.96
2012-10-28,21545.57,-0.03
2012-11-04,22111.33,2.63
2012-11-11,21384.38,-3.29
2012-11-18,21159.01,-1.05
2012-11-25,21913.98,3.57
2012-12-02,22030.39,0.53
2012-12-09,22191.17,0.73
2012-12-16,22605.98,1.87
2012-12-23,22506.29,-0.44
2012-12-30,22666.59,0.71
2013-01-06,23331.09,2.93
2013-01-13,23264.07,-0.29
2013-01-20,23601.78,1.45
2013-01-27,23580.43,-0.09
2013-02-03,23721.84,0.6
2013-02-10,23215.16,-2.14
2013-02-17,23444.56,0.99
2013-02-24,22782.44,-2.82
2013-03-03,22880.22,0.43
2013-03-10,23091.95,0.93
2013-03-17,22533.11,-2.42
2013-03-24,22115.3,-1.85
2013-03-31,22299.63,0.83
2013-04-07,21726.9,-2.57
2013-04-14,22089.05,1.67
2013-04-21,22013.57,-0.34
2013-04-28,22547.71,2.43
2013-05-05,22689.96,0.63
2013-05-12,23321.22,2.78
2013-05-19,23082.68,-1.02
2013-05-26,22618.67,-2.01
2013-06-02,22392.16,-1.0
2013-06-09,21575.26,-3.65
2013-06-16,20969.14,-2.81
2013-06-23,20263.31,-3.37
2013-06-30,20803.29,2.66
2013-07-07,20854.67,0.25
2013-07-14,21277.28,2.03
2013-07-21,21362.42,0.4
2013-07-28,21968.95,2.84
2013-08-04,22190.97,1.01
2013-08-11,21807.56,-1.73
2013-08-18,22517.81,3.26
2013-08-25,21863.51,-2.91
2013-09-01,21731.37,-0.6
2013-09-08,22621.22,4.09
2013-09-15,22915.28,1.3
2013-09-22,23502.51,2.56
2013-09-29,23207.04,-1.26
2013-10-06,23138.54,-0.3
2013-10-13,23218.32,0.34
2013-10-20,23340.1,0.52
2013-10-27,22698.34,-2.75
2013-11-03,23249.79,2.43
2013-11-10,22744.39,-2.17
2013-11-17,23032.15,1.27
2013-11-24,23696.28,2.88
2013-12-01,23881.29,0.78
2013-12-08,23743.1,-0.58
2013-12-15,23245.96,-2.09
2013-12-22,22812.18,-1.87
2013-12-29,23243.24,1.89
2014-01-05,22817.28,-1.83
2014-01-12,22846.25,0.13
2014-01-19,23133.35,1.26
2014-01-26,22450.06,-2.95
2014-02-02,22035.42,-1.85
2014-02-09,21636.85,-1.81
2014-02-16,22298.41,3.06
2014-02-23,22568.24,1.21
2014-03-02,22836.96,1.19
2014-03-09,22660.49,-0.77
2014-03-16,21539.49,-4.95
2014-03-23,21436.7,-0.48
2014-03-30,22065.53,2.93
2014-04-06,22510.08,2.01
2014-04-13,23003.64,2.19
2014-04-20,22760.24,-1.06
2014-04-27,22223.53,-2.36
2014-05-04,22260.67,0.17
2014-05-11,21862.99,-1.79
2014-05-18,22712.91,3.89
2014-05-25,22965.86,1.11
2014-06-01,23081.65,0.5
2014-06-08,22951.0,-0.57
2014-06-15,23319.17,1.6
2014-06-22,23194.06,-0.54
2014-06-29,23221.52,0.12
2014-07-06,23546.36,1.4
2014-07-13,23233.45,-1.33
2014-07-20,23454.79,0.95
2014-07-27,24216.01,3.25
2014-08-03,24532.43,1.31
2014-08-10,24331.41,-0.82
2014-08-17,24954.94,2.56
2014-08-24,25112.23,0.63
2014-08-31,24742.06,-1.47
2014-09-07,25240.15,2.01
2014-09-14,24595.32,-2.55
2014-09-21,24306.16,-1.18
2014-09-28,23678.41,-2.58
2014-10-05,23064.56,-2.59
2014-10-12,23088.54,0.1
2014-10-19,23023.21,-0.28
2014-10-26,23302.2,1.21
2014-11-02,23998.06,2.99
2014-11-09,23550.24,-1.87
2014-11-16,24087.38,2.28
2014-11-23,23437.12,-2.7
2014-11-30,23987.45,2.35
2014-12-07,24002.64,0.06
2014-12-14,23249.2,-3.14
2014-12-21,23116.63,-0.57
2014-12-28,23349.34,1.01
2015-01-04,23721.3,1.59
2015-01-11,23919.95,0.84
2015-01-18,24103.52,0.77
2015-01-25,24850.45,3.1
2015-02-01,24507.05,-1.38
2015-02-08,24679.39,0.7
2015-02-15,24682.54,0.01
2015-02-22,24832.08,0.61
2015-03-01,24823.29,-0.04
2015-03-08,24164.0,-2.66
2015-03-15,23823.21,-1.41
2015-03-22,24375.24,2.32
2015-03-29,24486.2,0.46
2015-04-05,25275.64,3.22
2015-04-12,27272.39,7.9
2015-04-19,27653.12,1.4
2015-04-26,28060.98,1.47
2015-05-03,28133.0,0.26
2015-05-10,27577.34,-1.98
2015-05-17,27822.28,0.89
2015-05-24,27992.83,0.61
2015-05-31,27424.19,-2.03
2015-06-07,27260.16,-0.6
2015-06-14,27280.54,0.07
2015-06-21,26760.53,-1.91
2015-06-28,26663.87,-0.36
2015-07-05,26064.11,-2.25
2015-07-12,24901.28,-4.46
2015-07-19,25415.27,2.06
2015-07-26,25128.51,-1.13
2015-08-02,24636.28,-1.96
2015-08-09,24552.47,-0.34
2015-08-16,23991.03,-2.29
2015-08-23,22409.62,-6.59
2015-08-30,21612.39,-3.56
2015-09-06,20840.61,-3.57
2015-09-13,21504.37,3.18
2015-09-20,21920.83,1.94
2015-09-27,21186.32,-3.35
2015-10-04,21506.09,1.51
2015-10-11,22458.8,4.43
2015-10-18,23067.37,2.71
2015-10-25,23151.94,0.37
2015-11-01,22640.04,-2.21
2015-11-08,22867.33,1.0
2015-11-15,22396.14,-2.06
2015-11-22,22754.72,1.6
2015-11-29,22068.32,-3.02
2015-12-06,22235.89,0.76
2015-12-13,21464.05,-3.47
2015-12-20,21755.56,1.36
2015-12-27,22138.13,1.76
2016-01-03,21914.4,-1.01
2016-01-10,20453.71,-6.67
2016-01-17,19520.77,-4.56
2016-01-24,19080.51,-2.26
2016-01-31,19683.11,3.16
2016-02-07,19288.17,-2.01
2016-02-14,18319.58,-5.02
2016-02-21,19285.5,5.27
2016-02-28,19364.15,0.41
2016-03-06,20176.7,4.2
2016-03-13,20199.6,0.11
2016-03-20,20671.63,2.34
2016-03-27,20345.61,-1.58
2016-04-03,20498.92,0.75
2016-04-10,20370.4,-0.63
2016-04-17,21316.47,4.64
2016-04-24,21467.04,0.71
2016-05-01,21067.05,-1.86
2016-05-08,20109.87,-4.54
2016-05-15,19719.29,-1.94
2016-05-22,19852.2,0.67
2016-05-29,20576.77,3.65
2016-06-05,20947.24,1.8
2016-06-12,21042.64,0.46
2016-06-19,20169.98,-4.15
2016-06-26,20259.13,0.44
2016-07-03,20794.37,2.64
2016-07-10,20564.17,-1.11
2016-07-17,21659.25,5.33
2016-07-24,21964.27,1.41
2016-07-31,21891.37,-0.33
2016-08-07,22146.09,1.16
2016-08-14,22766.91,2.8
2016-08-21,22937.22,0.75
2016-08-28,22909.54,-0.12
2016-09-04,23266.7,1.56
2016-09-11,24099.7,3.58
2016-09-18,23335.59,-3.17
2016-09-25,23686.48,1.5
2016-10-02,23297.15,-1.64
2016-10-09,23851.82,2.38
2016-10-16,23233.31,-2.59
2016-10-23,23374.4,0.61
2016-10-30,22954.81,-1.8
2016-11-06,22642.62,-1.36
2016-11-13,22531.09,-0.49
2016-11-20,22344.21,-0.83
2016-11-27,22723.45,1.7
2016-12-04,22564.82,-0.7
2016-12-11,22760.98,0.87
2016-12-18,22020.75,-3.25
2016-12-25,21574.76,-2.03
2017-01-01,22000.56,1.97
2017-01-08,22503.01,2.28
2017-01-15,22937.38,1.93
2017-01-22,22885.91,-0.22
2017-01-29,23360.78,2.07
2017-02-05,23129.21,-0.99
2017-02-12,23574.98,1.93
2017-02-19,24033.74,1.95
2017-02-26,23965.7,-0.28
2017-03-05,23552.72,-1.72
2017-03-12,23568.67,0.07
2017-03-19,24309.93,3.15
2017-03-26,24358.27,0.2
2017-04-02,24111.59,-1.01
2017-04-09,24267.3,0.65
2017-04-16,24261.66,-0.02
2017-04-23,24042.02,-0.91
2017-04-30,24615.13,2.38
2017-05-07,24476.35,-0.56
2017-05-14,25156.34,2.78
2017-05-21,25174.87,0.07
2017-05-28,25639.27,1.84
2017-06-04,25924.05,1.11
2017-06-11,26030.29,0.41
2017-06-18,25626.49,-1.55
2017-06-25,25670.05,0.17
2017-07-02,25764.58,0.37
2017-07-09,25340.85,-1.64
2017-07-16,26389.23,4.14
2017-07-23,26706.09,1.2
2017-07-30,26979.39,1.02
2017-08-06,27562.68,2.16
2017-08-13,26883.51,-2.46
2017-08-20,27047.57,0.61
2017-08-27,27848.16,2.96
2017-09-03,27953.16,0.38
2017-09-10,27668.47,-1.02
2017-09-17,27807.59,0.5
2017-09-24,27880.53,0.26
2017-10-01,27554.3,-1.17
2017-10-08,28458.04,3.28
2017-10-15,28476.43,0.06
2017-10-22,28487.24,0.04
2017-10-29,28438.85,-0.17
2017-11-05,28603.61,0.58
2017-11-12,29120.92,1.81
2017-11-19,29199.04,0.27
2017-11-26,29866.32,2.29
2017-12-03,29074.24,-2.65
2017-12-10,28639.85,-1.49
2017-12-17,28848.11,0.73
2017-12-24,29578.01,2.53
2017-12-31,29919.15,1.15
2018-01-07,30814.64,2.99
2018-01-14,31412.54,1.94
2018-01-21,32254.89,2.68
2018-01-28,33154.12,2.79
2018-02-04,32601.78,-1.67
2018-02-11,29507.42,-9.49
2018-02-18,31115.43,5.45
2018-02-25,31267.17,0.49
2018-03-04,30583.45,-2.19
2018-03-11,30996.21,1.35
2018-03-18,31501.97,1.63
2018-03-25,30309.29,-3.79
2018-04-01,30093.38,-0.71
2018-04-08,29844.94,-0.83
2018-04-15,30808.38,3.23
2018-04-22,30418.33,-1.27
2018-04-29,30280.67,-0.45
2018-05-06,29926.5,-1.17
2018-05-13,31122.06,3.99
2018-05-20,31047.91,-0.24
2018-05-27,30588.04,-1.48
2018-06-03,30492.91,-0.31
2018-06-10,30958.21,1.53
2018-06-17,30309.49,-2.1
2018-06-24,29338.7,-3.2
2018-07-01,28955.11,-1.31
2018-07-08,28315.62,-2.21
2018-07-15,28525.44,0.74
2018-07-22,28224.48,-1.06
2018-07-29,28804.28,2.05
2018-08-05,27676.32,-3.92
2018-08-12,28366.62,2.49
2018-08-19,27213.41,-4.07
2018-08-26,27671.87,1.68
2018-09-02,27888.55,0.78
2018-09-09,26973.47,-3.28
2018-09-16,27286.41,1.16
2018-09-23,27953.58,2.45
2018-09-30,27788.52,-0.59
2018-10-07,26572.57,-4.38
2018-10-14,25801.49,-2.9
2018-10-21,25561.4,-0.93
2018-10-28,24717.63,-3.3
2018-11-04,26486.35,7.16
2018-11-11,25601.92,-3.34
2018-11-18,26183.53,2.27
2018-11-25,25927.68,-0.98
2018-12-02,26506.75,2.23
2018-12-09,26063.76,-1.67
2018-12-16,26094.79,0.12
2018-12-23,25753.42,-1.31
2018-12-30,25504.2,-0.97
2019-01-06,25626.03,0.48
2019-01-13,26667.27,4.06
2019-01-20,27090.81,1.59
2019-01-27,27569.19,1.77
2019-02-03,27930.74,1.31
2019-02-10,27946.32,0.06
2019-02-17,27900.84,-0.16
2019-02-24,28816.3,3.28
2019-03-03,28812.17,-0.01
2019-03-10,28228.42,-2.03
2019-03-17,29012.26,2.78
2019-03-24,29113.36,0.35
2019-03-31,29051.36,-0.21
2019-04-07,29936.32,3.05
2019-04-14,29909.76,-0.09
2019-04-21,29963.26,0.18
2019-04-28,29605.01,-1.2
2019-05-05,30081.55,1.61
2019-05-12,28550.24,-5.09
2019-05-19,27946.46,-2.11
2019-05-26,27353.93,-2.12
2019-06-02,26901.09,-1.66
2019-06-09,26965.28,0.24
2019-06-16,27118.35,0.57
2019-06-23,28473.71,5.0
2019-06-30,28542.62,0.24
2019-07-07,28774.83,0.81
2019-07-14,28471.62,-1.05
2019-07-21,28765.4,1.03
2019-07-28,28397.74,-1.28
2019-08-04,26918.58,-5.21
2019-08-11,25939.3,-3.64
2019-08-18,25734.22,-0.79
2019-08-25,26179.33,1.73
2019-09-01,25724.73,-1.74
2019-09-08,26690.76,3.76
2019-09-15,27352.69,2.48
2019-09-22,26435.67,-3.35
2019-09-29,25954.81,-1.82
2019-10-06,25821.03,-0.52
2019-10-13,26308.44,1.89
2019-10-20,26719.58,1.56
2019-10-27,26667.39,-0.2
2019-11-03,27100.76,1.63
2019-11-10,27651.14,2.03
2019-11-17,26326.66,-4.79
2019-11-24,26595.08,1.02
2019-12-01,26346.49,-0.93
2019-12-08,26498.37,0.58
2019-12-15,27687.76,4.49
2019-12-22,27871.35,0.66
2019-12-29,28225.42,1.27
2020-01-05,28451.5,0.8
2020-01-12,28638.2,0.66
2020-01-19,29056.42,1.46
2020-01-26,27949.64,-3.81
2020-02-02,26312.63,-5.86
2020-02-09,27404.27,4.15
2020-02-16,27815.6,1.5
2020-02-23,27308.81,-1.82
2020-03-01,26129.93,-4.32
2020-03-08,26146.67,0.06
2020-03-15,24032.91,-8.08
2020-03-22,22805.07,-5.11
2020-03-29,23484.28,2.98
2020-04-05,23236.11,-1.06
2020-04-12,24300.33,4.58
2020-04-19,24380.0,0.33
2020-04-26,23831.33,-2.25
2020-05-03,24643.59,3.41
2020-05-10,24230.17,-1.68
2020-05-17,23797.47,-1.79
2020-05-24,22930.14,-3.64
2020-05-31,22961.47,0.14
2020-06-07,24770.41,7.88
2020-06-14,24301.38,-1.89
2020-06-21,24643.89,1.41
2020-06-28,24549.99,-0.38
2020-07-05,25373.12,3.35
2020-07-12,25727.41,1.4
2020-07-19,25089.17,-2.48
2020-07-26,24705.33,-1.53
2020-08-02,24595.35,-0.45
2020-08-09,24531.62,-0.26
2020-08-16,25183.01,2.66
2020-08-23,25113.84,-0.27
2020-08-30,25422.06,1.23
2020-09-06,24695.45,-2.86
2020-09-13,24503.31,-0.78
2020-09-20,24455.41,-0.2
2020-09-27,23235.42,-4.99
2020-10-04,23459.05,0.96
2020-10-11,24119.13,2.81
2020-10-18,24386.79,1.11
2020-10-25,24918.78,2.18
2020-11-01,24107.42,-3.26
2020-11-08,25712.97,6.66
2020-11-15,26156.86,1.73
2020-11-22,26451.54,1.13
2020-11-29,26894.68,1.68
2020-12-06,26835.92,-0.22
2020-12-13,26505.87,-1.23
2020-12-20,26498.6,-0.03
2020-12-27,26386.56,-0.42
2021-01-03,27231.13,3.2
2021-01-10,27878.22,2.38
2021-01-17,28573.86,2.5
2021-01-24,29447.85,3.06
2021-01-31,28283.71,-3.95
2021-02-07,29288.68,3.55
2021-02-14,30173.57,3.02
2021-02-21,30644.73,1.56
2021-02-28,28980.21,-5.43
2021-03-07,29098.29,0.41
2021-03-14,28739.72,-1.23
2021-03-21,28990.94,0.87
2021-03-28,28336.43,-2.26
2021-04-04,28938.74,2.13
2021-04-11,28698.8,-0.83
2021-04-18,28969.71,0.94
2021-04-25,29078.75,0.38
2021-05-02,28724.88,-1.22
2021-05-09,28610.65,-0.4
2021-05-16,28027.57,-2.04
2021-05-23,28458.44,1.54
2021-05-30,29124.41,2.34
2021-06-06,28918.1,-0.71
2021-06-13,28842.13,-0.26
2021-06-20,28801.27,-0.14
2021-06-27,29288.22,1.69
2021-07-04,28310.42,-3.34
2021-07-11,27344.54,-3.41
2021-07-18,28004.68,2.41
2021-07-25,27321.98,-2.44
2021-08-01,25961.03,-4.98
2021-08-08,26179.4,0.84
2021-08-15,26391.62,0.81
2021-08-22,24849.72,-5.84
2021-08-29,25407.89,2.25
2021-09-05,25901.99,1.94
2021-09-12,26205.91,1.17
2021-09-19,24920.76,-4.9
2021-09-26,24192.16,-2.92
2021-10-03,24575.64,1.59
2021-10-10,24837.85,1.07
2021-10-17,25330.96,1.99
2021-10-24,26126.93,3.14
2021-10-31,25377.24,-2.87
2021-11-07,24870.51,-2.0
2021-11-14,25327.97,1.84
2021-11-21,25049.97,-1.1
2021-11-28,24080.52,-3.87
2021-12-05,23766.69,-1.3
2021-12-12,23995.72,0.96
2021-12-19,23192.63,-3.35
2021-12-26,23223.76,0.13
2022-01-02,23397.67,0.75
2022-01-09,23493.38,0.41
2022-01-16,24383.32,3.79
2022-01-23,24965.55,2.39
2022-01-30,23550.08,-5.67
2022-02-06,24573.29,4.34
2022-02-13,24906.66,1.36
2022-02-20,24327.71,-2.32
2022-02-27,22767.18,-6.41
2022-03-06,21905.29,-3.79
2022-03-13,20553.79,-6.17
2022-03-20,21412.4,4.18
2022-03-27,21404.88,-0.04
2022-04-03,22039.55,2.97
2022-04-10,21872.01,-0.76
2022-04-17,21518.08,-1.62
2022-04-24,20638.52,-4.09
2022-05-01,21089.39,2.18
2022-05-08,20001.96,-5.16
2022-05-15,19898.77,-0.52
2022-05-22,20717.24,4.11
2022-05-29,20697.36,-0.1
2022-06-05,21082.13,1.86
2022-06-12,21806.18,3.43
2022-06-19,21075.0,-3.35
2022-06-26,21719.06,3.06
2022-07-03,21859.79,0.65
2022-07-10,21725.78,-0.61
2022-07-17,20297.72,-6.57
2022-07-24,20609.14,1.53
2022-07-31,20156.51,-2.2
2022-08-07,20201.94,0.23
2022-08-14,20175.62,-0.13
2022-08-21,19773.03,-2.0
2022-08-28,20170.04,2.01
2022-09-04,19452.09,-3.56
2022-09-11,19362.25,-0.46
2022-09-18,18761.69,-3.1
2022-09-25,17933.27,-4.42
2022-10-02,17222.83,-3.96
2022-10-09,17740.05,3.0
2022-10-16,16587.69,-6.5
2022-10-23,16211.12,-2.27
2022-10-30,14863.06,-8.32
2022-11-06,16161.14,8.73
2022-11-13,17325.66,7.21
2022-11-20,17992.54,3.85
2022-11-27,17573.58,-2.33
2022-12-04,18675.35,6.27
2022-12-11,19900.87,6.56
2022-12-18,19450.67,-2.26
2022-12-25,19593.06,0.73
2023-01-01,19781.41,0.96
2023-01-08,20991.64,6.12
2023-01-15,21738.66,3.56
2023-01-22,22044.65,1.41
2023-01-29,22688.9,2.92
2023-02-05,21660.47,-4.53
2023-02-12,21190.42,-2.17
2023-02-19,20719.81,-2.22
2023-02-26,20010.04,-3.43
2023-03-05,20567.54,2.79
2023-03-12,19319.92,-6.07
2023-03-19,19518.59,1.03
2023-03-26,19915.68,2.03
2023-04-02,20400.11,2.43
2023-04-09,20331.2,-0.34
2023-04-16,20438.81,0.53
2023-04-23,20075.73,-1.78
2023-04-30,19894.57,-0.9
2023-05-07,20049.31,0.78
2023-05-14,19627.24,-2.11
2023-05-21,19450.57,-0.9
2023-05-28,18746.92,-3.62
2023-06-04,18949.94,1.08
2023-06-11,19389.95,2.32
2023-06-18,20040.37,3.35
2023-06-25,18889.97,-5.74
2023-07-02,18916.43,0.14
2023-07-09,18365.7,-2.91
2023-07-16,19413.78,5.71
2023-07-23,19075.26,-1.74
2023-07-30,19916.56,4.41
2023-08-06,19539.46,-1.89
2023-08-13,19075.19,-2.38
2023-08-20,17950.85,-5.89
2023-08-27,18119.39,0.94
2023-09-03,18382.06,1.45
2023-09-10,18202.07,-0.98
2023-09-17,18182.89,-0.11
2023-09-24,18057.45,-0.69
2023-10-01,17809.66,-1.37
2023-10-08,17485.98,-1.82
2023-10-15,17813.45,1.87
2023-10-22,17172.13,-3.6
2023-10-29,17398.73,1.32
2023-11-05,17664.12,1.53
2023-11-12,17203.26,-2.61
2023-11-19,17454.19,1.46
2023-11-26,17559.42,0.6
2023-12-03,16830.3,-4.15
2023-12-10,16334.37,-2.95
2023-12-17,16792.19,2.8
2023-12-24,16340.41,-2.69
2023-12-31,17047.39,4.33
2024-01-07,16535.33,-3.0
2024-01-14,16244.58,-1.76
2024-01-21,15308.69,-5.76
2024-01-28,15952.23,4.2
2024-02-04,15533.56,-2.62
2024-02-11,15746.58,1.37
2024-02-18,16339.96,3.77
2024-02-25,16725.86,2.36
2024-03-03,16589.44,-0.82
2024-03-10,16353.39,-1.42
2024-03-17,16720.89,2.25
2024-03-24,16499.47,-1.32
2024-03-31,16541.42,0.25
2024-04-07,16723.92,1.1
2024-04-14,16721.69,-0.01
2024-04-21,16224.14,-2.98
2024-04-28,17651.15,8.8
2024-05-05,18475.92,4.67
2024-05-12,18963.68,2.64
2024-05-19,19553.61,3.11
2024-05-26,18608.94,-4.83
2024-06-02,18079.61,-2.84
2024-06-09,18366.95,1.59
2024-06-16,17941.78,-2.31
2024-06-23,18028.52,0.48
2024-06-30,17718.61,-1.72
2024-07-07,17799.61,0.46
2024-07-14,18293.38,2.77
2024-07-21,17417.68,-4.79
2024-07-28,17021.31,-2.28
2024-08-04,16945.51,-0.45
2024-08-11,17090.23,0.85
2024-08-18,17430.16,1.99
2024-08-25,17612.1,1.04
2024-09-01,17989.07,2.14
2024-09-08,17444.3,-3.03
2024-09-15,17369.09,-0.43
2024-09-22,18258.57,5.12
2024-09-29,20632.3,13.0
2024-10-06,22736.87,10.2
2024-10-13,21251.98,-6.53
2024-10-20,20804.11,-2.11
2024-10-27,20590.15,-1.03
2024-11-03,20506.43,-0.41
2024-11-10,20728.19,1.08
2024-11-17,19426.34,-6.28
2024-11-24,19229.97,-1.01
2024-12-01,19423.61,1.01
2024-12-08,19865.85,2.28
2024-12-15,19971.24,0.53
2024-12-22,19720.7,-1.25
2024-12-29,20090.46,1.87
2025-01-05,19760.27,-1.64
2025-01-12,19064.29,-3.52
2025-01-19,19584.06,2.73
2025-01-26,20066.19,2.46
2025-02-02,20225.11,0.79
2025-02-09,21133.54,4.49
2025-02-16,22620.33,7.04
2025-02-23,23477.92,3.79
2025-03-02,22941.32,-2.29
2025-03-09,24231.3,5.62
2025-03-16,23959.98,-1.12
2025-03-23,23689.72,-1.13
2025-03-30,23426.6,-1.11
2025-04-06,22849.81,-2.46
2025-04-13,20914.69,-8.47
2025-04-20,21395.14,2.3
2025-04-27,21980.74,2.74
2025-05-04,22504.68,2.38
2025-05-11,22867.74,1.61
2025-05-18,23345.05,2.09
2025-05-25,23601.26,1.1
2025-06-01,23289.77,-1.32
2025-06-08,23792.54,2.16
2025-06-15,23892.56,0.42
