Date,^IXIC,Rate
1971-02-07,100.0,
1971-02-14,102.05,2.05
1971-02-21,100.7,-1.32
1971-02-28,101.34,0.64
1971-03-07,103.0,1.64
1971-03-14,104.5,1.46
1971-03-21,105.77,1.22
1971-03-28,105.07,-0.66
1971-04-04,106.86,1.7
1971-04-11,108.38,1.42
1971-04-18,109.96,1.46
1971-04-25,110.69,0.66
1971-05-02,112.3,1.45
1971-05-09,110.66,-1.46
1971-05-16,110.74,0.07
1971-05-23,108.85,-1.71
1971-05-30,108.25,-0.55
1971-06-06,110.66,2.23
1971-06-13,110.2,-0.42
1971-06-20,108.16,-1.85
1971-06-27,106.56,-1.48
1971-07-04,108.77,2.07
1971-07-11,110.91,1.97
1971-07-18,109.98,-0.84
1971-07-25,109.63,-0.32
1971-08-01,105.27,-3.98
1971-08-08,103.78,-1.42
1971-08-15,105.44,1.6
1971-08-22,107.89,2.32
1971-08-29,109.3,1.31
1971-09-05,109.98,0.62
1971-09-12,110.42,0.4
1971-09-19,110.1,-0.29
1971-09-26,108.88,-1.11
1971-10-03,109.58,0.64
1971-10-10,110.74,1.06
1971-10-17,109.6,-1.03
1971-10-24,106.8,-2.55
1971-10-31,105.1,-1.59
1971-11-07,105.46,0.34
1971-11-14,103.91,-1.47
1971-11-21,102.95,-0.92
1971-11-28,101.64,-1.27
1971-12-05,107.26,5.53
1971-12-12,108.81,1.45
1971-12-19,110.52,1.57
1971-12-26,111.94,1.28
1972-01-02,114.12,1.95
1972-01-09,116.05,1.69
1972-01-16,116.74,0.59
1972-01-23,117.21,0.4
1972-01-30,118.44,1.05
1972-02-06,121.24,2.36
1972-02-13,122.86,1.34
1972-02-20,123.4,0.44
1972-02-27,124.83,1.16
1972-03-05,127.19,1.89
1972-03-12,128.55,1.07
1972-03-19,128.01,-0.42
1972-03-26,127.55,-0.36
1972-04-02,128.14,0.46
1972-04-09,131.8,2.86
1972-04-16,133.88,1.58
1972-04-23,133.01,-0.65
1972-04-30,131.33,-1.26
1972-05-07,129.43,-1.45
1972-05-14,129.44,0.01
1972-05-21,132.16,2.1
1972-05-28,133.95,1.35
1972-06-04,133.52,-0.32
1972-06-11,130.57,-2.21
1972-06-18,131.28,0.54
1972-06-25,130.22,-0.81
1972-07-02,130.08,-0.11
1972-07-09,131.5,1.09
1972-07-16,129.38,-1.61
1972-07-23,127.63,-1.35
1972-07-30,128.15,0.41
1972-08-06,130.94,2.18
1972-08-13,131.68,0.57
1972-08-20,131.43,-0.19
1972-08-27,130.31,-0.85
1972-09-03,130.7,0.3
1972-09-10,129.13,-1.2
1972-09-17,127.67,-1.13
1972-09-24,127.46,-0.16
1972-10-01,129.61,1.69
1972-10-08,128.13,-1.14
1972-10-15,127.19,-0.73
1972-10-22,128.0,0.64
1972-10-29,129.53,1.2
1972-11-05,133.34,2.94
1972-11-12,133.12,-0.16
1972-11-19,132.33,-0.59
1972-11-26,133.02,0.52
1972-12-03,133.94,0.69
1972-12-10,135.15,0.9
1972-12-17,133.53,-1.2
1972-12-24,131.28,-1.69
1972-12-31,133.73,1.87
1973-01-07,135.91,1.63
1973-01-14,136.01,0.07
1973-01-21,133.87,-1.57
1973-01-28,129.76,-3.07
1973-02-04,126.48,-2.53
1973-02-11,125.86,-0.49
1973-02-18,124.55,-1.04
1973-02-25,122.34,-1.77
1973-03-04,120.11,-1.82
1973-03-11,121.99,1.57
1973-03-18,121.22,-0.63
1973-03-25,115.47,-4.74
1973-04-01,117.46,1.72
1973-04-08,113.27,-3.57
1973-04-15,115.22,1.72
1973-04-22,114.15,-0.93
1973-04-29,108.4,-5.04
1973-05-06,110.89,2.3
1973-05-13,109.1,-1.61
1973-05-20,102.89,-5.69
1973-05-27,105.17,2.22
1973-06-03,102.3,-2.73
1973-06-10,103.72,1.39
1973-06-17,102.26,-1.41
1973-06-24,100.99,-1.24
1973-07-01,100.98,-0.01
1973-07-08,99.48,-1.49
1973-07-15,103.03,3.57
1973-07-22,107.68,4.51
1973-07-29,109.36,1.56
1973-08-05,106.82,-2.32
1973-08-12,105.32,-1.4
1973-08-19,103.71,-1.53
1973-08-26,102.4,-1.26
1973-09-02,104.87,2.41
1973-09-09,107.02,2.05
1973-09-16,106.07,-0.89
1973-09-23,109.46,3.2
1973-09-30,111.2,1.59
1973-10-07,112.56,1.22
1973-10-14,114.1,1.37
1973-10-21,113.25,-0.74
1973-10-28,112.79,-0.41
1973-11-04,108.93,-3.42
1973-11-11,105.77,-2.9
1973-11-18,101.38,-4.15
1973-11-25,97.3,-4.02
1973-12-02,93.51,-3.9
1973-12-09,92.32,-1.27
1973-12-16,89.63,-2.91
1973-12-23,89.52,-0.12
1973-12-30,91.68,2.41
1974-01-06,94.1,2.64
1974-01-13,92.23,-1.99
1974-01-20,95.32,3.35
1974-01-27,95.4,0.08
1974-02-03,94.15,-1.31
1974-02-10,92.2,-2.07
1974-02-17,90.98,-1.32
1974-02-24,92.93,2.14
1974-03-03,94.05,1.21
1974-03-10,95.17,1.19
1974-03-17,96.53,1.43
1974-03-24,95.45,-1.12
1974-03-31,92.27,-3.33
1974-04-07,90.7,-1.7
1974-04-14,89.79,-1.0
1974-04-21,90.31,0.58
1974-04-28,86.24,-4.51
1974-05-05,87.47,1.43
1974-05-12,84.3,-3.62
1974-05-19,81.93,-2.81
1974-05-26,81.45,-0.59
1974-06-02,80.2,-1.53
1974-06-09,83.71,4.38
1974-06-16,82.76,-1.13
1974-06-23,79.11,-4.41
1974-06-30,75.96,-3.98
1974-07-07,73.57,-3.15
1974-07-14,71.68,-2.57
1974-07-21,73.4,2.4
1974-07-28,72.83,-0.78
1974-08-04,69.4,-4.71
1974-08-11,70.69,1.86
1974-08-18,65.86,-6.83
1974-08-25,62.57,-5.0
1974-09-01,62.37,-0.32
1974-09-08,60.7,-2.68
1974-09-15,56.66,-6.66
1974-09-22,59.9,5.72
1974-09-29,57.12,-4.64
1974-10-06,55.16,-3.43
1974-10-13,60.42,9.54
1974-10-20,62.75,3.86
1974-10-27,62.88,0.21
1974-11-03,65.06,3.47
1974-11-10,66.51,2.23
1974-11-17,64.41,-3.16
1974-11-24,62.07,-3.63
1974-12-01,62.95,1.42
1974-12-08,58.21,-7.53
1974-12-15,59.22,1.74
1974-12-22,58.67,-0.93
1974-12-29,58.74,0.12
1975-01-05,61.23,4.24
1975-01-12,63.69,4.02
1975-01-19,64.4,1.11
1975-01-26,65.38,1.52
1975-02-02,69.78,6.73
1975-02-09,71.12,1.92
1975-02-16,73.26,3.01
1975-02-23,73.79,0.72
1975-03-02,73.0,-1.07
1975-03-09,74.4,1.92
1975-03-16,76.07,2.24
1975-03-23,75.92,-0.2
1975-03-30,76.18,0.34
1975-04-06,74.73,-1.9
1975-04-13,76.31,2.11
1975-04-20,78.08,2.32
1975-04-27,78.64,0.72
1975-05-04,80.25,2.05
1975-05-11,82.82,3.2
1975-05-18,82.44,-0.46
1975-05-25,82.62,0.22
1975-06-01,83.1,0.58
1975-06-08,84.77,2.01
1975-06-15,83.43,-1.58
1975-06-22,85.24,2.17
1975-06-29,86.5,1.48
1975-07-06,86.2,-0.35
1975-07-13,87.2,1.16
1975-07-20,87.02,-0.21
1975-07-27,83.6,-3.93
1975-08-03,81.62,-2.37
1975-08-10,79.55,-2.54
1975-08-17,78.58,-1.22
1975-08-24,76.45,-2.71
1975-08-31,79.01,3.35
1975-09-07,77.78,-1.56
1975-09-14,74.72,-3.93
1975-09-21,76.39,2.24
1975-09-28,76.14,-0.33
1975-10-05,75.5,-0.84
1975-10-12,76.96,1.93
1975-10-19,77.63,0.87
1975-10-26,78.62,1.28
1975-11-02,76.99,-2.07
1975-11-09,77.21,0.29
1975-11-16,78.98,2.29
1975-11-23,77.74,-1.57
1975-11-30,78.8,1.36
1975-12-07,74.72,-5.18
1975-12-14,74.91,0.25
1975-12-21,75.92,1.35
1975-12-28,77.13,1.59
1976-01-04,78.06,1.21
1976-01-11,82.31,5.44
1976-01-18,84.3,2.42
1976-01-25,85.26,1.14
1976-02-01,87.05,2.1
1976-02-08,87.25,0.23
1976-02-15,88.96,1.96
1976-02-22,91.02,2.32
1976-02-29,90.26,-0.83
1976-03-07,89.47,-0.88
1976-03-14,90.99,1.7
1976-03-21,89.54,-1.59
1976-03-28,90.89,1.51
1976-04-04,90.63,-0.29
1976-04-11,88.89,-1.92
1976-04-18,89.17,0.31
1976-04-25,90.6,1.6
1976-05-02,90.08,-0.57
1976-05-09,90.02,-0.07
1976-05-16,89.78,-0.27
1976-05-23,89.39,-0.43
1976-05-30,88.04,-1.51
1976-06-06,87.75,-0.33
1976-06-13,87.71,-0.05
1976-06-20,90.05,2.67
1976-06-27,90.05,0.0
1976-07-04,90.88,0.92
1976-07-11,91.48,0.66
1976-07-18,92.4,1.01
1976-07-25,91.6,-0.87
1976-08-01,91.29,-0.34
1976-08-08,91.64,0.38
1976-08-15,91.81,0.19
1976-08-22,90.19,-1.76
1976-08-29,89.14,-1.16
1976-09-05,91.02,2.11
1976-09-12,91.19,0.19
1976-09-19,91.61,0.46
1976-09-26,92.31,0.76
1976-10-03,90.44,-2.03
1976-10-10,89.38,-1.17
1976-10-17,89.06,-0.36
1976-10-24,89.26,0.22
1976-10-31,90.35,1.22
1976-11-07,89.47,-0.97
1976-11-14,88.1,-1.53
1976-11-21,89.97,2.12
1976-11-28,91.42,1.61
1976-12-05,92.31,0.97
1976-12-12,94.62,2.5
1976-12-19,94.64,0.02
1976-12-26,95.22,0.61
1977-01-02,97.88,2.79
1977-01-09,97.53,-0.36
1977-01-16,97.2,-0.34
1977-01-23,97.32,0.12
1977-01-30,95.72,-1.64
1977-02-06,96.74,1.07
1977-02-13,96.09,-0.67
1977-02-20,96.38,0.3
1977-02-27,94.9,-1.54
1977-03-06,96.07,1.23
1977-03-13,96.07,0.0
1977-03-20,96.44,0.39
1977-03-27,95.28,-1.2
1977-04-03,94.54,-0.78
1977-04-10,94.03,-0.54
1977-04-17,96.26,2.37
1977-04-24,95.12,-1.18
1977-05-01,95.48,0.38
1977-05-08,96.9,1.49
1977-05-15,97.41,0.53
1977-05-22,98.0,0.61
1977-05-29,95.9,-2.14
1977-06-05,96.19,0.3
1977-06-12,97.07,0.91
1977-06-19,98.61,1.59
1977-06-26,99.66,1.06
1977-07-03,99.9,0.24
1977-07-10,100.81,0.91
1977-07-17,101.41,0.6
1977-07-24,103.11,1.68
1977-07-31,100.65,-2.39
1977-08-07,100.86,0.21
1977-08-14,100.76,-0.1
1977-08-21,100.85,0.09
1977-08-28,99.89,-0.95
1977-09-04,100.83,0.94
1977-09-11,100.91,0.08
1977-09-18,100.74,-0.17
1977-09-25,99.57,-1.16
1977-10-02,100.85,1.29
1977-10-09,101.62,0.76
1977-10-16,99.05,-2.53
1977-10-23,98.54,-0.51
1977-10-30,97.49,-1.07
1977-11-06,97.21,-0.29
1977-11-13,100.94,3.84
1977-11-20,102.22,1.27
1977-11-27,104.33,2.06
1977-12-04,104.1,-0.22
1977-12-11,103.57,-0.51
1977-12-18,104.05,0.46
1977-12-25,103.94,-0.11
1978-01-01,105.05,1.07
1978-01-08,101.66,-3.23
1978-01-15,99.77,-1.86
1978-01-22,100.63,0.86
1978-01-29,100.62,-0.01
1978-02-05,102.22,1.59
1978-02-12,103.58,1.33
1978-02-19,102.25,-1.28
1978-02-26,102.7,0.44
1978-03-05,101.95,-0.73
1978-03-12,103.42,1.44
1978-03-19,104.94,1.47
1978-03-26,105.39,0.43
1978-04-02,106.2,0.77
1978-04-09,108.23,1.91
1978-04-16,111.29,2.83
1978-04-23,113.32,1.82
1978-04-30,115.18,1.64
1978-05-07,117.27,1.81
1978-05-14,119.4,1.82
1978-05-21,121.57,1.82
1978-05-28,119.86,-1.41
1978-06-04,121.03,0.98
1978-06-11,124.41,2.79
1978-06-18,123.69,-0.58
1978-06-25,120.74,-2.38
1978-07-02,120.3,-0.36
1978-07-09,119.16,-0.95
1978-07-16,121.58,2.03
1978-07-23,123.6,1.66
1978-07-30,125.62,1.63
1978-08-06,129.71,3.26
1978-08-13,132.0,1.77
1978-08-20,134.71,2.05
1978-08-27,135.84,0.84
1978-09-03,135.35,-0.36
1978-09-10,138.36,2.22
1978-09-17,137.36,-0.72
1978-09-24,132.3,-3.68
1978-10-01,132.89,0.45
1978-10-08,134.0,0.84
1978-10-15,135.58,1.18
1978-10-22,123.82,-8.67
1978-10-29,115.25,-6.92
1978-11-05,115.49,0.21
1978-11-12,114.84,-0.56
1978-11-19,113.69,-1.0
1978-11-26,116.17,2.18
1978-12-03,116.19,0.02
1978-12-10,118.77,2.22
1978-12-17,117.41,-1.15
1978-12-24,116.93,-0.41
1978-12-31,117.98,0.9
1979-01-07,122.05,3.45
1979-01-14,123.74,1.38
1979-01-21,124.65,0.74
1979-01-28,127.04,1.92
1979-02-04,125.82,-0.96
1979-02-11,123.76,-1.64
1979-02-18,125.57,1.46
1979-02-25,125.04,-0.42
1979-03-04,123.67,-1.1
1979-03-11,127.25,2.89
1979-03-18,128.55,1.02
1979-03-25,130.58,1.58
1979-04-01,131.76,0.9
1979-04-08,133.75,1.51
1979-04-15,133.54,-0.16
1979-04-22,133.67,0.1
1979-04-29,134.37,0.52
1979-05-06,133.72,-0.48
1979-05-13,129.69,-3.01
1979-05-20,131.01,1.02
1979-05-27,132.68,1.27
1979-06-03,131.76,-0.69
1979-06-10,134.96,2.43
1979-06-17,136.25,0.96
1979-06-24,137.24,0.73
1979-07-01,138.13,0.65
1979-07-08,138.64,0.37
1979-07-15,138.52,-0.09
1979-07-22,137.98,-0.39
1979-07-29,140.02,1.48
1979-08-05,142.63,1.86
1979-08-12,145.07,1.71
1979-08-19,147.84,1.91
1979-08-26,149.4,1.06
1979-09-02,150.44,0.7
1979-09-09,148.07,-1.58
1979-09-16,150.56,1.68
1979-09-23,150.65,0.06
1979-09-30,149.98,-0.44
1979-10-07,152.29,1.54
1979-10-14,140.71,-7.6
1979-10-21,136.59,-2.93
1979-10-28,133.75,-2.08
1979-11-04,136.88,2.34
1979-11-11,135.86,-0.75
1979-11-18,139.07,2.36
1979-11-25,139.85,0.56
1979-12-02,144.26,3.15
1979-12-09,147.49,2.24
1979-12-16,150.03,1.72
1979-12-23,150.17,0.09
1979-12-30,150.83,0.44
1980-01-06,148.02,-1.86
1980-01-13,153.87,3.95
1980-01-20,156.14,1.48
1980-01-27,159.7,2.28
1980-02-03,162.3,1.63
1980-02-10,165.25,1.82
1980-02-17,162.56,-1.63
1980-02-24,160.08,-1.53
1980-03-02,158.03,-1.28
1980-03-09,146.19,-7.49
1980-03-16,144.44,-1.2
1980-03-23,138.8,-3.9
1980-03-30,129.25,-6.88
1980-04-06,136.01,5.23
1980-04-13,137.75,1.28
1980-04-20,134.66,-2.24
1980-04-27,137.92,2.42
1980-05-04,140.25,1.69
1980-05-11,143.06,2.0
1980-05-18,147.24,2.92
1980-05-25,149.48,1.52
1980-06-01,150.45,0.65
1980-06-08,152.68,1.48
1980-06-15,156.59,2.56
1980-06-22,156.51,-0.05
1980-06-29,159.18,1.71
1980-07-06,160.87,1.06
1980-07-13,164.82,2.46
1980-07-20,169.99,3.14
1980-07-27,169.63,-0.21
1980-08-03,172.49,1.69
1980-08-10,175.88,1.97
1980-08-17,179.89,2.28
1980-08-24,181.7,1.01
1980-08-31,181.52,-0.1
1980-09-07,185.61,2.25
1980-09-14,189.58,2.14
1980-09-21,195.33,3.03
1980-09-28,190.77,-2.33
1980-10-05,193.43,1.39
1980-10-12,197.79,2.25
1980-10-19,197.24,-0.28
1980-10-26,196.17,-0.54
1980-11-02,192.78,-1.73
1980-11-09,193.51,0.38
1980-11-16,201.76,4.26
1980-11-23,206.07,2.14
1980-11-30,208.15,1.01
1980-12-07,203.02,-2.46
1980-12-14,191.22,-5.81
1980-12-21,197.91,3.5
1980-12-28,201.28,1.7
1981-01-04,203.55,1.13
1981-01-11,197.66,-2.89
1981-01-18,201.13,1.76
1981-01-25,197.52,-1.79
1981-02-01,197.81,0.15
1981-02-08,197.87,0.03
1981-02-15,193.89,-2.01
1981-02-22,192.29,-0.83
1981-03-01,198.01,2.97
1981-03-08,199.89,0.95
1981-03-15,202.17,1.14
1981-03-22,206.29,2.04
1981-03-29,208.82,1.23
1981-04-05,212.65,1.83
1981-04-12,215.15,1.18
1981-04-19,216.64,0.69
1981-04-26,219.56,1.35
1981-05-03,216.68,-1.31
1981-05-10,214.84,-0.85
1981-05-17,216.51,0.78
1981-05-24,219.23,1.26
1981-05-31,223.47,1.93
1981-06-07,221.3,-0.97
1981-06-14,222.76,0.66
1981-06-21,219.56,-1.44
1981-06-28,219.76,0.09
1981-07-05,212.8,-3.17
1981-07-12,210.54,-1.06
1981-07-19,212.76,1.05
1981-07-26,208.0,-2.24
1981-08-02,211.63,1.75
1981-08-09,211.36,-0.13
1981-08-16,212.12,0.36
1981-08-23,206.76,-2.53
1981-08-30,197.55,-4.45
1981-09-06,189.63,-4.01
1981-09-13,189.81,0.09
1981-09-20,184.27,-2.92
1981-09-27,175.12,-4.97
1981-10-04,184.37,5.28
1981-10-11,191.27,3.74
1981-10-18,190.24,-0.54
1981-10-25,191.91,0.88
1981-11-01,195.24,1.74
1981-11-08,199.97,2.42
1981-11-15,200.16,0.1
1981-11-22,198.6,-0.78
1981-11-29,201.02,1.22
1981-12-06,200.88,-0.07
1981-12-13,198.64,-1.12
1981-12-20,197.01,-0.82
1981-12-27,195.7,-0.66
1982-01-03,195.84,0.07
1982-01-10,192.05,-1.94
1982-01-17,187.32,-2.46
1982-01-24,185.83,-0.8
1982-01-31,188.39,1.38
1982-02-07,188.21,-0.1
1982-02-14,182.52,-3.02
1982-02-21,180.65,-1.02
1982-02-28,179.43,-0.68
1982-03-07,173.97,-3.04
1982-03-14,168.23,-3.3
1982-03-21,171.76,2.1
1982-03-28,175.2,2.0
1982-04-04,178.56,1.92
1982-04-11,181.15,1.45
1982-04-18,182.25,0.61
1982-04-25,184.93,1.47
1982-05-02,184.7,-0.12
1982-05-09,188.13,1.86
1982-05-16,188.22,0.05
1982-05-23,182.4,-3.09
1982-05-30,178.54,-2.12
1982-06-06,174.82,-2.08
1982-06-13,173.55,-0.73
1982-06-20,168.5,-2.91
1982-06-27,170.48,1.18
1982-07-04,170.05,-0.25
1982-07-11,168.07,-1.16
1982-07-18,170.18,1.26
1982-07-25,172.11,1.13
1982-08-01,167.35,-2.77
1982-08-08,163.59,-2.25
1982-08-15,159.14,-2.72
1982-08-22,166.96,4.91
1982-08-29,177.6,6.37
1982-09-05,182.05,2.51
1982-09-12,182.47,0.23
1982-09-19,186.61,2.27
1982-09-26,188.61,1.07
1982-10-03,188.7,0.05
1982-10-10,198.89,5.4
1982-10-17,204.46,2.8
1982-10-24,215.29,5.3
1982-10-31,212.63,-1.24
1982-11-07,227.03,6.77
1982-11-14,232.61,2.46
1982-11-21,229.41,-1.38
1982-11-28,228.64,-0.34
1982-12-05,237.16,3.73
1982-12-12,233.85,-1.4
1982-12-19,228.93,-2.1
1982-12-26,232.33,1.49
1983-01-02,232.41,0.03
1983-01-09,238.6,2.66
1983-01-16,245.63,2.95
1983-01-23,243.97,-0.68
1983-01-30,246.93,1.21
1983-02-06,251.65,1.91
1983-02-13,256.64,1.98
1983-02-20,261.29,1.81
1983-02-27,262.44,0.44
1983-03-06,265.94,1.33
1983-03-13,266.18,0.09
1983-03-20,265.01,-0.44
1983-03-27,270.89,2.22
1983-04-03,270.8,-0.03
1983-04-10,268.1,-1.0
1983-04-17,281.6,5.04
1983-04-24,288.55,2.47
1983-05-01,293.06,1.56
1983-05-08,301.64,2.93
1983-05-15,303.94,0.76
1983-05-22,303.56,-0.13
1983-05-29,312.05,2.8
1983-06-05,313.85,0.58
1983-06-12,315.24,0.44
1983-06-19,326.11,3.45
1983-06-26,328.91,0.86
1983-07-03,321.58,-2.23
1983-07-10,319.57,-0.63
1983-07-17,312.87,-2.1
1983-07-24,320.71,2.51
1983-07-31,303.96,-5.22
1983-08-07,300.2,-1.24
1983-08-14,299.58,-0.21
1983-08-21,299.1,-0.16
1983-08-28,290.31,-2.94
1983-09-04,297.85,2.6
1983-09-11,302.23,1.47
1983-09-18,298.27,-1.31
1983-09-25,303.61,1.79
1983-10-02,296.65,-2.29
1983-10-09,297.36,0.24
1983-10-16,289.65,-2.59
1983-10-23,279.49,-3.51
1983-10-30,276.14,-1.2
1983-11-06,273.17,-1.08
1983-11-13,277.13,1.45
1983-11-20,281.28,1.5
1983-11-27,285.49,1.5
1983-12-04,283.91,-0.55
1983-12-11,280.51,-1.2
1983-12-18,276.01,-1.6
1983-12-25,276.54,0.19
1984-01-01,278.6,0.74
1984-01-08,287.9,3.34
1984-01-15,286.85,-0.36
1984-01-22,284.41,-0.85
1984-01-29,273.18,-3.95
1984-02-05,264.01,-3.36
1984-02-12,254.04,-3.78
1984-02-19,251.33,-1.07
1984-02-26,251.44,0.04
1984-03-04,255.54,1.63
1984-03-11,249.01,-2.56
1984-03-18,253.37,1.75
1984-03-25,249.98,-1.34
1984-04-01,250.78,0.32
1984-04-08,243.94,-2.73
1984-04-15,244.01,0.03
1984-04-22,245.35,0.55
1984-04-29,246.9,0.63
1984-05-06,250.89,1.62
1984-05-13,250.57,-0.13
1984-05-20,244.61,-2.38
1984-05-27,235.23,-3.83
1984-06-03,235.9,0.28
1984-06-10,240.35,1.89
1984-06-17,235.64,-1.96
1984-06-24,241.11,2.32
1984-07-01,239.65,-0.61
1984-07-08,236.72,-1.22
1984-07-15,234.67,-0.87
1984-07-22,229.37,-2.26
1984-07-29,229.3,-0.03
1984-08-05,246.24,7.39
1984-08-12,252.43,2.51
1984-08-19,250.37,-0.82
1984-08-26,254.78,1.76
1984-09-02,254.64,-0.05
1984-09-09,251.68,-1.16
1984-09-16,255.6,1.56
1984-09-23,252.68,-1.14
1984-09-30,249.94,-1.08
1984-10-07,245.46,-1.79
1984-10-14,246.2,0.3
1984-10-21,251.2,2.03
1984-10-28,247.4,-1.51
1984-11-04,248.0,0.24
1984-11-11,249.5,0.6
1984-11-18,245.1,-1.76
1984-11-25,245.3,0.08
1984-12-02,242.4,-1.18
1984-12-09,239.3,-1.28
1984-12-16,239.0,-0.13
1984-12-23,244.8,2.43
1984-12-30,245.9,0.45
1985-01-06,246.1,0.08
1985-01-13,252.2,2.48
1985-01-20,263.1,4.32
1985-01-27,274.0,4.14
1985-02-03,278.4,1.61
1985-02-10,288.4,3.59
1985-02-17,287.7,-0.24
1985-02-24,286.2,-0.52
1985-03-03,287.2,0.35
1985-03-10,282.4,-1.67
1985-03-17,278.0,-1.56
1985-03-24,278.9,0.32
1985-03-31,279.2,0.11
1985-04-07,277.4,-0.64
1985-04-14,280.6,1.15
1985-04-21,282.8,0.78
1985-04-28,284.1,0.46
1985-05-05,280.3,-1.34
1985-05-12,287.5,2.57
1985-05-19,291.7,1.46
1985-05-26,292.1,0.14
1985-06-02,290.8,-0.45
1985-06-09,291.0,0.07
1985-06-16,288.0,-1.03
1985-06-23,288.7,0.24
1985-06-30,296.2,2.6
1985-07-07,298.6,0.81
1985-07-14,302.4,1.27
1985-07-21,307.8,1.79
1985-07-28,304.6,-1.04
1985-08-04,304.5,-0.03
1985-08-11,299.1,-1.77
1985-08-18,296.5,-0.87
1985-08-25,296.7,0.07
1985-09-01,297.7,0.34
1985-09-08,296.2,-0.5
1985-09-15,287.2,-3.04
1985-09-22,284.4,-0.97
1985-09-29,280.2,-1.48
1985-10-06,280.5,0.11
1985-10-13,281.8,0.46
1985-10-20,288.4,2.34
1985-10-27,289.5,0.38
1985-11-03,294.1,1.59
1985-11-10,300.0,2.01
1985-11-17,306.2,2.07
1985-11-24,310.8,1.5
1985-12-01,314.0,1.03
1985-12-08,316.6,0.83
1985-12-15,324.0,2.34
1985-12-22,323.1,-0.28
1985-12-29,322.8,-0.09
1986-01-05,325.7,0.9
1986-01-12,324.4,-0.4
1986-01-19,330.7,1.94
1986-01-26,328.9,-0.54
1986-02-02,335.8,2.1
1986-02-09,342.2,1.91
1986-02-16,350.2,2.34
1986-02-23,355.65,1.56
1986-03-02,359.5,1.08
1986-03-09,362.2,0.75
1986-03-16,371.8,2.65
1986-03-23,372.6,0.22
1986-03-30,373.3,0.19
1986-04-06,372.2,-0.29
1986-04-13,378.9,1.8
1986-04-20,390.1,2.96
1986-04-27,392.3,0.56
1986-05-04,383.2,-2.32
1986-05-11,389.1,1.54
1986-05-18,384.7,-1.13
1986-05-25,391.9,1.87
1986-06-01,400.2,2.12
1986-06-08,400.3,0.02
1986-06-15,399.6,-0.17
1986-06-22,396.9,-0.68
1986-06-29,403.6,1.69
1986-07-06,411.2,1.88
1986-07-13,391.6,-4.77
1986-07-20,381.1,-2.68
1986-07-27,379.8,-0.34
1986-08-03,370.7,-2.4
1986-08-10,365.8,-1.32
1986-08-17,380.2,3.94
1986-08-24,381.5,0.34
1986-08-31,382.9,0.37
1986-09-07,378.4,-1.18
1986-09-14,346.8,-8.35
1986-09-21,349.4,0.75
1986-09-28,351.6,0.63
1986-10-05,352.8,0.34
1986-10-12,353.5,0.2
1986-10-19,355.7,0.62
1986-10-26,356.7,0.28
1986-11-02,360.8,1.15
1986-11-09,361.0,0.06
1986-11-16,358.5,-0.69
1986-11-23,354.7,-1.06
1986-11-30,359.6,1.38
1986-12-07,363.0,0.95
1986-12-14,355.9,-1.96
1986-12-21,352.2,-1.04
1986-12-28,349.9,-0.65
1987-01-04,353.2,0.94
1987-01-11,380.7,7.79
1987-01-18,389.9,2.42
1987-01-25,392.2,0.59
1987-02-01,392.1,-0.03
1987-02-08,406.9,3.77
1987-02-15,412.5,1.38
1987-02-22,417.2,1.14
1987-03-01,425.0,1.87
1987-03-08,429.5,1.06
1987-03-15,432.0,0.58
1987-03-22,439.6,1.76
1987-03-29,436.6,-0.68
1987-04-05,437.4,0.18
1987-04-12,430.9,-1.49
1987-04-19,419.5,-2.65
1987-04-26,412.6,-1.64
1987-05-03,418.4,1.41
1987-05-10,423.2,1.15
1987-05-17,418.9,-1.02
1987-05-24,407.4,-2.75
1987-05-31,416.5,2.23
1987-06-07,417.8,0.31
1987-06-14,425.4,1.82
1987-06-21,429.1,0.87
1987-06-28,426.7,-0.56
1987-07-05,425.9,-0.19
1987-07-12,426.0,0.02
1987-07-19,434.1,1.9
1987-07-26,429.1,-1.15
1987-08-02,434.9,1.35
1987-08-09,443.6,2.0
1987-08-16,451.6,1.8
1987-08-23,455.2,0.8
1987-08-30,453.3,-0.42
1987-09-06,446.5,-1.5
1987-09-13,446.2,-0.07
1987-09-20,440.9,-1.19
1987-09-27,441.9,0.23
1987-10-04,451.6,2.2
1987-10-11,438.4,-2.92
1987-10-18,406.3,-7.32
1987-10-25,328.5,-19.15
1987-11-01,323.3,-1.58
1987-11-08,326.4,0.96
1987-11-15,323.0,-1.04
1987-11-22,312.5,-3.25
1987-11-29,316.5,1.28
1987-12-06,292.9,-7.46
1987-12-13,302.6,3.31
1987-12-20,326.9,8.03
1987-12-27,333.2,1.93
1988-01-03,330.5,-0.81
1988-01-10,338.5,2.42
1988-01-17,340.1,0.47
1988-01-24,337.6,-0.74
1988-01-31,344.7,2.1
1988-02-07,345.8,0.32
1988-02-14,353.3,2.17
1988-02-21,357.1,1.08
1988-02-28,363.4,1.76
1988-03-06,373.4,2.75
1988-03-13,375.5,0.56
1988-03-20,381.6,1.62
1988-03-27,372.5,-2.38
1988-04-03,374.6,0.56
1988-04-10,381.8,1.92
1988-04-17,373.9,-2.07
1988-04-24,374.0,0.03
1988-05-01,379.2,1.39
1988-05-08,379.4,0.05
1988-05-15,372.5,-1.82
1988-05-22,366.0,-1.74
1988-05-29,366.7,0.19
1988-06-05,376.9,2.78
1988-06-12,386.3,2.49
1988-06-19,386.9,0.16
1988-06-26,391.6,1.21
1988-07-03,394.7,0.79
1988-07-10,394.3,-0.1
1988-07-17,395.0,0.18
1988-07-24,387.4,-1.92
1988-07-31,387.3,-0.03
1988-08-07,387.7,0.1
1988-08-14,379.0,-2.24
1988-08-21,377.4,-0.42
1988-08-28,374.4,-0.79
1988-09-04,376.5,0.56
1988-09-11,381.6,1.35
1988-09-18,383.9,0.6
1988-09-25,385.0,0.29
1988-10-02,387.7,0.7
1988-10-09,385.7,-0.52
1988-10-16,384.6,-0.29
1988-10-23,388.6,1.04
1988-10-30,382.8,-1.49
1988-11-06,381.0,-0.47
1988-11-13,373.8,-1.89
1988-11-20,367.6,-1.66
1988-11-27,366.4,-0.33
1988-12-04,373.9,2.05
1988-12-11,375.2,0.35
1988-12-18,375.8,0.16
1988-12-25,377.3,0.4
1989-01-01,381.4,1.09
1989-01-08,384.7,0.87
1989-01-15,387.1,0.62
1989-01-22,391.7,1.19
1989-01-29,398.0,1.61
1989-02-05,406.4,2.11
1989-02-12,402.4,-0.98
1989-02-19,407.2,1.19
1989-02-26,400.0,-1.77
1989-03-05,404.0,1.0
1989-03-12,405.9,0.47
1989-03-19,402.2,-0.91
1989-03-26,400.9,-0.32
1989-04-02,406.7,1.45
1989-04-09,410.7,0.98
1989-04-16,417.7,1.7
1989-04-23,423.8,1.46
1989-04-30,427.6,0.9
1989-05-07,430.7,0.72
1989-05-14,434.8,0.95
1989-05-21,442.1,1.68
1989-05-28,445.2,0.7
1989-06-04,451.6,1.44
1989-06-11,453.7,0.47
1989-06-18,447.2,-1.43
1989-06-25,448.4,0.27
1989-07-02,435.3,-2.92
1989-07-09,442.4,1.63
1989-07-16,448.9,1.47
1989-07-23,449.3,0.09
1989-07-30,452.8,0.78
1989-08-06,457.4,1.02
1989-08-13,462.5,1.11
1989-08-20,462.0,-0.11
1989-08-27,466.8,1.04
1989-09-03,471.3,0.96
1989-09-10,471.3,0.0
1989-09-17,467.6,-0.79
1989-09-24,468.1,0.11
1989-10-01,472.9,1.03
1989-10-08,483.6,2.26
1989-10-15,467.3,-3.37
1989-10-22,470.7,0.73
1989-10-29,452.8,-3.8
1989-11-05,453.0,0.04
1989-11-12,456.2,0.71
1989-11-19,456.7,0.11
1989-11-26,456.6,-0.02
1989-12-03,457.1,0.11
1989-12-10,456.2,-0.2
1989-12-17,443.8,-2.72
1989-12-24,444.6,0.18
1989-12-31,454.8,2.29
1990-01-07,458.2,0.75
1990-01-14,439.7,-4.04
1990-01-21,440.9,0.27
1990-01-28,421.3,-4.45
1990-02-04,422.2,0.21
1990-02-11,428.8,1.56
1990-02-18,429.0,0.05
1990-02-25,419.5,-2.21
1990-03-04,431.0,2.74
1990-03-11,436.8,1.35
1990-03-18,442.2,1.24
1990-03-25,437.3,-1.11
1990-04-01,435.5,-0.41
1990-04-08,430.9,-1.06
1990-04-15,436.3,1.25
1990-04-22,425.8,-2.41
1990-04-29,418.0,-1.83
1990-05-06,428.6,2.54
1990-05-13,438.1,2.22
1990-05-20,448.3,2.33
1990-05-27,453.7,1.2
1990-06-03,462.1,1.85
1990-06-10,460.9,-0.26
1990-06-17,467.6,1.45
1990-06-24,459.3,-1.78
1990-07-01,462.3,0.65
1990-07-08,460.5,-0.39
1990-07-15,468.4,1.72
1990-07-22,455.3,-2.8
1990-07-29,442.6,-2.79
1990-08-05,417.5,-5.67
1990-08-12,408.0,-2.28
1990-08-19,393.5,-3.55
1990-08-26,367.3,-6.66
1990-09-02,381.2,3.78
1990-09-09,380.4,-0.21
1990-09-16,374.4,-1.58
1990-09-23,362.3,-3.23
1990-09-30,344.5,-4.91
1990-10-07,347.4,0.84
1990-10-14,327.6,-5.7
1990-10-21,337.4,2.99
1990-10-28,334.4,-0.89
1990-11-04,336.5,0.63
1990-11-11,342.0,1.63
1990-11-18,350.9,2.6
1990-11-25,349.0,-0.54
1990-12-02,359.1,2.89
1990-12-09,371.5,3.45
1990-12-16,368.8,-0.73
1990-12-23,373.6,1.3
1990-12-30,371.2,-0.64
1991-01-06,367.2,-1.08
1991-01-13,361.8,-1.47
1991-01-20,377.0,4.2
1991-01-27,394.3,4.59
1991-02-03,417.7,5.93
1991-02-10,436.8,4.57
1991-02-17,448.7,2.72
1991-02-24,449.0,0.07
1991-03-03,456.7,1.71
1991-03-10,475.11,4.03
1991-03-17,466.29,-1.86
1991-03-24,464.15,-0.46
1991-03-31,482.3,3.91
1991-04-07,495.79,2.8
1991-04-14,501.62,1.18
1991-04-21,501.19,-0.09
1991-04-28,494.64,-1.31
1991-05-05,492.1,-0.51
1991-05-12,493.42,0.27
1991-05-19,481.38,-2.44
1991-05-26,492.67,2.35
1991-06-02,506.11,2.73
1991-06-09,498.54,-1.5
1991-06-16,495.07,-0.7
1991-06-23,485.82,-1.87
1991-06-30,475.92,-2.04
1991-07-07,474.05,-0.39
1991-07-14,492.71,3.94
1991-07-21,497.55,0.98
1991-07-28,492.69,-0.98
1991-08-04,505.67,2.63
1991-08-11,508.31,0.52
1991-08-18,512.47,0.82
1991-08-25,521.06,1.68
1991-09-01,525.68,0.89
1991-09-08,516.94,-1.66
1991-09-15,516.71,-0.04
1991-09-22,527.19,2.03
1991-09-29,524.48,-0.51
1991-10-06,520.4,-0.78
1991-10-13,519.05,-0.26
1991-10-20,538.9,3.82
1991-10-27,525.13,-2.56
1991-11-03,540.93,3.01
1991-11-10,548.08,1.32
1991-11-17,531.29,-3.06
1991-11-24,526.46,-0.91
1991-12-01,523.9,-0.49
1991-12-08,536.3,2.37
1991-12-15,540.9,0.86
1991-12-22,535.76,-0.95
1991-12-29,565.71,5.59
1992-01-05,592.65,4.76
1992-01-12,615.7,3.89
1992-01-19,626.85,1.81
1992-01-26,624.68,-0.35
1992-02-02,620.21,-0.72
1992-02-09,634.95,2.38
1992-02-16,636.43,0.23
1992-02-23,629.75,-1.05
1992-03-01,633.47,0.59
1992-03-08,615.95,-2.77
1992-03-15,618.62,0.43
1992-03-22,624.28,0.91
1992-03-29,604.67,-3.14
1992-04-05,590.01,-2.42
1992-04-12,584.24,-0.98
1992-04-19,591.81,1.3
1992-04-26,572.89,-3.2
1992-05-03,578.14,0.92
1992-05-10,585.76,1.32
1992-05-17,574.43,-1.93
1992-05-24,580.3,1.02
1992-05-31,585.31,0.86
1992-06-07,585.43,0.02
1992-06-14,569.52,-2.72
1992-06-21,554.2,-2.69
1992-06-28,547.84,-1.15
1992-07-05,563.35,2.83
1992-07-12,567.8,0.79
1992-07-19,570.52,0.48
1992-07-26,565.61,-0.86
1992-08-02,580.83,2.69
1992-08-09,573.74,-1.22
1992-08-16,573.18,-0.1
1992-08-23,563.7,-1.65
1992-08-30,563.56,-0.02
1992-09-06,573.44,1.75
1992-09-13,583.01,1.67
1992-09-20,589.12,1.05
1992-09-27,577.2,-2.02
1992-10-04,571.63,-0.97
1992-10-11,570.52,-0.19
1992-10-18,582.61,2.12
1992-10-25,597.3,2.52
1992-11-01,605.17,1.32
1992-11-08,616.82,1.93
1992-11-15,637.16,3.3
1992-11-22,642.6,0.85
1992-11-29,649.49,1.07
1992-12-06,661.6,1.86
1992-12-13,655.79,-0.88
1992-12-20,661.29,0.84
1992-12-27,665.88,0.69
1993-01-03,676.95,1.66
1993-01-10,677.21,0.04
1993-01-17,697.15,2.94
1993-01-24,701.63,0.64
1993-01-31,696.34,-0.75
1993-02-07,700.98,0.67
1993-02-14,690.54,-1.49
1993-02-21,663.61,-3.9
1993-02-28,670.77,1.08
1993-03-07,681.37,1.58
1993-03-14,692.78,1.67
1993-03-21,682.72,-1.45
1993-03-28,681.54,-0.17
1993-04-04,669.85,-1.72
1993-04-11,666.33,-0.53
1993-04-18,666.78,0.07
1993-04-25,658.41,-1.26
1993-05-02,661.42,0.46
1993-05-09,681.44,3.03
1993-05-16,676.37,-0.74
1993-05-23,694.29,2.65
1993-05-30,700.53,0.9
1993-06-06,702.01,0.21
1993-06-13,693.19,-1.26
1993-06-20,689.59,-0.52
1993-06-27,694.81,0.76
1993-07-04,704.49,1.39
1993-07-11,705.81,0.19
1993-07-18,699.73,-0.86
1993-07-25,700.24,0.07
1993-08-01,704.7,0.64
1993-08-08,718.08,1.9
1993-08-15,718.26,0.03
1993-08-22,730.96,1.77
1993-08-29,734.07,0.43
1993-09-05,749.71,2.13
1993-09-12,744.31,-0.72
1993-09-19,740.11,-0.56
1993-09-26,754.65,1.96
1993-10-03,763.23,1.14
1993-10-10,764.27,0.14
1993-10-17,787.42,3.03
1993-10-24,772.68,-1.87
1993-10-31,779.26,0.85
1993-11-07,762.99,-2.09
1993-11-14,779.32,2.14
1993-11-21,751.56,-3.56
1993-11-28,754.87,0.44
1993-12-05,772.22,2.3
1993-12-12,760.74,-1.49
1993-12-19,759.23,-0.2
1993-12-26,758.7,-0.07
1994-01-02,776.8,2.39
1994-01-09,782.94,0.79
1994-01-16,792.31,1.2
1994-01-23,794.28,0.25
1994-01-30,796.53,0.28
1994-02-06,777.28,-2.42
1994-02-13,781.39,0.53
1994-02-20,788.85,0.95
1994-02-27,783.78,-0.64
1994-03-06,790.55,0.86
1994-03-13,789.2,-0.17
1994-03-20,803.93,1.87
1994-03-27,783.45,-2.55
1994-04-03,743.46,-5.1
1994-04-10,748.71,0.71
1994-04-17,727.97,-2.77
1994-04-24,722.56,-0.74
1994-05-01,733.84,1.56
1994-05-08,732.86,-0.13
1994-05-15,716.92,-2.18
1994-05-22,726.7,1.36
1994-05-29,733.14,0.89
1994-06-05,742.38,1.26
1994-06-12,734.25,-1.1
1994-06-19,729.35,-0.67
1994-06-26,693.79,-4.88
1994-07-03,706.85,1.88
1994-07-10,707.46,0.09
1994-07-17,721.36,1.96
1994-07-24,716.68,-0.65
1994-07-31,722.16,0.76
1994-08-07,718.67,-0.48
1994-08-14,731.61,1.8
1994-08-21,742.43,1.48
1994-08-28,762.94,2.76
1994-09-04,759.23,-0.49
1994-09-11,763.73,0.59
1994-09-18,777.91,1.86
1994-09-25,757.46,-2.63
1994-10-02,764.29,0.9
1994-10-09,749.96,-1.87
1994-10-16,767.08,2.28
1994-10-23,765.38,-0.22
1994-10-30,776.15,1.41
1994-11-06,766.08,-1.3
1994-11-13,762.12,-0.52
1994-11-20,764.67,0.33
1994-11-27,742.52,-2.9
1994-12-04,745.02,0.34
1994-12-11,719.05,-3.49
1994-12-18,729.07,1.39
1994-12-25,742.19,1.8
1995-01-01,751.96,1.32
1995-01-08,749.69,-0.3
1995-01-15,762.16,1.66
1995-01-22,762.05,-0.01
1995-01-29,758.91,-0.41
1995-02-05,772.06,1.73
1995-02-12,790.43,2.38
1995-02-19,786.97,-0.44
1995-02-26,791.08,0.52
1995-03-05,798.79,0.97
1995-03-12,802.22,0.43
1995-03-19,808.33,0.76
1995-03-26,818.66,1.28
1995-04-02,817.21,-0.18
1995-04-09,814.69,-0.31
1995-04-16,832.64,2.2
1995-04-23,823.44,-1.1
1995-04-30,843.98,2.49
1995-05-07,843.53,-0.05
1995-05-14,858.94,1.83
1995-05-21,864.57,0.66
1995-05-28,871.87,0.84
1995-06-04,872.97,0.13
1995-06-11,884.38,1.31
1995-06-18,908.65,2.74
1995-06-25,938.87,3.33
1995-07-02,933.45,-0.58
1995-07-09,969.76,3.89
1995-07-16,999.33,3.05
1995-07-23,961.77,-3.76
1995-07-30,1005.28,4.52
1995-08-06,991.09,-1.41
1995-08-13,1004.11,1.31
1995-08-20,1031.28,2.71
1995-08-27,1019.97,-1.1
1995-09-03,1019.47,-0.05
1995-09-10,1060.03,3.98
1995-09-17,1051.1,-0.84
1995-09-24,1053.39,0.22
1995-10-01,1043.54,-0.94
1995-10-08,1012.04,-3.02
1995-10-15,1018.38,0.63
1995-10-22,1039.53,2.08
1995-10-29,1025.55,-1.34
1995-11-05,1065.66,3.91
1995-11-12,1063.87,-0.17
1995-11-19,1045.03,-1.77
1995-11-26,1030.17,-1.42
1995-12-03,1055.31,2.44
1995-12-10,1062.41,0.67
1995-12-17,1030.48,-3.01
1995-12-24,1046.89,1.59
1995-12-31,1052.13,0.5
1996-01-07,1033.47,-1.77
1996-01-14,1008.23,-2.44
1996-01-21,1018.45,1.01
1996-01-28,1040.96,2.21
1996-02-04,1072.11,2.99
1996-02-11,1094.6,2.1
1996-02-18,1090.71,-0.36
1996-02-25,1117.79,2.48
1996-03-03,1086.08,-2.84
1996-03-10,1063.73,-2.06
1996-03-17,1099.59,3.37
1996-03-24,1102.22,0.24
1996-03-31,1101.4,-0.07
1996-04-07,1118.21,1.53
1996-04-14,1100.94,-1.54
1996-04-21,1138.7,3.43
1996-04-28,1186.89,4.23
1996-05-05,1184.6,-0.19
1996-05-12,1202.76,1.53
1996-05-19,1241.88,3.25
1996-05-26,1247.8,0.48
1996-06-02,1243.43,-0.35
1996-06-09,1229.76,-1.1
1996-06-16,1213.18,-1.35
1996-06-23,1175.44,-3.11
1996-06-30,1185.02,0.82
1996-07-07,1158.35,-2.25
1996-07-14,1103.49,-4.74
1996-07-21,1097.68,-0.53
1996-07-28,1079.44,-1.66
1996-08-04,1124.92,4.21
1996-08-11,1137.27,1.1
1996-08-18,1133.65,-0.32
1996-08-25,1143.05,0.83
1996-09-01,1141.5,-0.14
1996-09-08,1139.39,-0.18
1996-09-15,1188.67,4.33
1996-09-22,1219.69,2.61
1996-09-29,1230.05,0.85
1996-10-06,1247.56,1.42
1996-10-13,1248.27,0.06
1996-10-20,1242.48,-0.46
1996-10-27,1222.6,-1.6
1996-11-03,1221.78,-0.07
1996-11-10,1257.51,2.92
1996-11-17,1261.8,0.34
1996-11-24,1274.36,1.0
1996-12-01,1292.61,1.43
1996-12-08,1287.68,-0.38
1996-12-15,1284.91,-0.22
1996-12-22,1288.56,0.28
1996-12-29,1291.38,0.22
1997-01-05,1310.68,1.49
1997-01-12,1332.02,1.63
1997-01-19,1349.05,1.28
1997-01-26,1363.83,1.1
1997-02-02,1379.85,1.17
1997-02-09,1357.71,-1.6
1997-02-16,1367.19,0.7
1997-02-23,1334.32,-2.4
1997-03-02,1309.0,-1.9
1997-03-09,1311.8,0.21
1997-03-16,1292.97,-1.44
1997-03-23,1254.07,-3.01
1997-03-30,1249.51,-0.36
1997-04-06,1236.73,-1.02
1997-04-13,1206.9,-2.41
1997-04-20,1222.57,1.3
1997-04-27,1209.29,-1.09
1997-05-04,1305.33,7.94
1997-05-11,1335.05,2.28
1997-05-18,1340.73,0.43
1997-05-25,1389.72,3.65
1997-06-01,1400.32,0.76
1997-06-08,1404.84,0.32
1997-06-15,1423.03,1.29
1997-06-22,1447.1,1.69
1997-06-29,1438.15,-0.62
1997-07-06,1467.61,2.05
1997-07-13,1502.62,2.39
1997-07-20,1547.99,3.02
1997-07-27,1569.58,1.39
1997-08-03,1594.33,1.58
1997-08-10,1598.52,0.26
1997-08-17,1562.03,-2.28
1997-08-24,1598.69,2.35
1997-08-31,1587.32,-0.71
1997-09-07,1635.77,3.05
1997-09-14,1649.33,0.83
1997-09-21,1680.36,1.88
1997-09-28,1682.24,0.11
1997-10-05,1715.87,2.0
1997-10-12,1739.03,1.35
1997-10-19,1666.85,-4.15
1997-10-26,1650.92,-0.96
1997-11-02,1593.61,-3.47
1997-11-09,1602.4,0.55
1997-11-16,1583.51,-1.18
1997-11-23,1620.75,2.35
1997-11-30,1600.55,-1.25
1997-12-07,1633.9,2.08
1997-12-14,1536.58,-5.96
1997-12-21,1524.74,-0.77
1997-12-28,1511.38,-0.88
1998-01-04,1581.53,4.64
1998-01-11,1503.22,-4.95
1998-01-18,1562.88,3.97
1998-01-25,1575.93,0.83
1998-02-01,1619.36,2.76
1998-02-08,1694.35,4.63
1998-02-15,1710.42,0.95
1998-02-22,1728.13,1.04
1998-03-01,1770.51,2.45
1998-03-08,1753.49,-0.96
1998-03-15,1771.66,1.04
1998-03-22,1789.16,0.99
1998-03-29,1823.62,1.93
1998-04-05,1855.4,1.74
1998-04-12,1820.24,-1.9
1998-04-19,1866.6,2.55
1998-04-26,1868.96,0.13
1998-05-03,1873.44,0.24
1998-05-10,1864.37,-0.48
1998-05-17,1846.77,-0.94
1998-05-24,1805.0,-2.26
1998-05-31,1778.87,-1.45
1998-06-07,1782.92,0.23
1998-06-14,1745.05,-2.12
1998-06-21,1781.29,2.08
1998-06-28,1869.53,4.95
1998-07-05,1894.0,1.31
1998-07-12,1943.04,2.59
1998-07-19,2008.76,3.38
1998-07-26,1930.99,-3.87
1998-08-02,1872.39,-3.03
1998-08-09,1846.77,-1.37
1998-08-16,1790.19,-3.06
1998-08-23,1797.61,0.41
1998-08-30,1639.68,-8.79
1998-09-06,1566.52,-4.46
1998-09-13,1641.64,4.8
1998-09-20,1663.77,1.35
1998-09-27,1743.59,4.8
1998-10-04,1614.98,-7.38
1998-10-11,1492.49,-7.58
1998-10-18,1620.95,8.61
1998-10-25,1693.86,4.5
1998-11-01,1771.39,4.58
1998-11-08,1856.56,4.81
1998-11-15,1847.99,-0.46
1998-11-22,1928.21,4.34
1998-11-29,2016.44,4.58
1998-12-06,2003.16,-0.66
1998-12-13,2029.31,1.31
1998-12-20,2086.14,2.8
1998-12-27,2163.04,3.69
1999-01-03,2192.69,1.37
1999-01-10,2344.41,6.92
1999-01-17,2348.2,0.16
1999-01-24,2338.88,-0.4
1999-01-31,2505.89,7.14
1999-02-07,2373.62,-5.28
1999-02-14,2321.89,-2.18
1999-02-21,2283.6,-1.65
1999-02-28,2288.03,0.19
1999-03-07,2337.11,2.15
1999-03-14,2381.53,1.9
1999-03-21,2421.27,1.67
1999-03-28,2419.17,-0.09
1999-04-04,2493.37,3.07
1999-04-11,2593.05,4.0
1999-04-18,2484.04,-4.2
1999-04-25,2590.69,4.29
1999-05-02,2542.86,-1.85
1999-05-09,2503.62,-1.54
1999-05-16,2527.86,0.97
1999-05-23,2520.14,-0.31
1999-05-30,2470.52,-1.97
1999-06-06,2478.34,0.32
1999-06-13,2447.88,-1.23
1999-06-20,2563.44,4.72
1999-06-27,2552.65,-0.42
1999-07-04,2741.02,7.38
1999-07-11,2793.07,1.9
1999-07-18,2864.48,2.56
1999-07-25,2692.4,-6.01
1999-08-01,2638.49,-2.0
1999-08-08,2547.97,-3.43
1999-08-15,2637.81,3.53
1999-08-22,2648.33,0.4
1999-08-29,2758.9,4.18
1999-09-05,2843.11,3.05
1999-09-12,2887.06,1.55
1999-09-19,2869.62,-0.6
1999-09-26,2740.41,-4.5
1999-10-03,2736.85,-0.13
1999-10-10,2886.57,5.47
1999-10-17,2731.83,-5.36
1999-10-24,2816.52,3.1
1999-10-31,2966.43,5.32
1999-11-07,3102.29,4.58
1999-11-14,3221.15,3.83
1999-11-21,3369.25,4.6
1999-11-28,3447.81,2.33
1999-12-05,3520.63,2.11
1999-12-12,3620.24,2.83
1999-12-19,3753.06,3.67
1999-12-26,3969.44,5.77
2000-01-02,4069.31,2.52
2000-01-09,3882.62,-4.59
2000-01-16,4064.27,4.68
2000-01-23,4235.4,4.21
2000-01-30,3887.07,-8.22
2000-02-06,4244.14,9.19
2000-02-13,4395.45,3.57
2000-02-20,4411.74,0.37
2000-02-27,4590.5,4.05
2000-03-05,4914.79,7.06
2000-03-12,5048.62,2.72
2000-03-19,4798.13,-4.96
2000-03-26,4963.03,3.44
2000-04-02,4572.83,-7.86
2000-04-09,4446.45,-2.76
2000-04-16,3321.29,-25.3
2000-04-23,3643.88,9.71
2000-04-30,3860.66,5.95
2000-05-07,3816.82,-1.14
2000-05-14,3529.06,-7.54
2000-05-21,3390.4,-3.93
2000-05-28,3205.11,-5.47
2000-06-04,3813.38,18.98
2000-06-11,3874.84,1.61
2000-06-18,3860.56,-0.37
2000-06-25,3845.34,-0.39
2000-07-02,3966.11,3.14
2000-07-09,4023.2,1.44
2000-07-16,4246.18,5.54
2000-07-23,4094.45,-3.57
2000-07-30,3663.0,-10.54
2000-08-06,3787.36,3.4
2000-08-13,3789.47,0.06
2000-08-20,3930.34,3.72
2000-08-27,4042.68,2.86
2000-09-03,4234.33,4.74
2000-09-10,3978.41,-6.04
2000-09-17,3835.23,-3.6
2000-09-24,3803.76,-0.82
2000-10-01,3672.82,-3.44
2000-10-08,3361.01,-8.49
2000-10-15,3316.77,-1.32
2000-10-22,3483.14,5.02
2000-10-29,3278.36,-5.88
2000-11-05,3451.58,5.28
2000-11-12,3028.99,-12.24
2000-11-19,3027.19,-0.06
2000-11-26,2904.38,-4.06
2000-12-03,2645.29,-8.92
2000-12-10,2917.43,10.29
2000-12-17,2653.27,-9.05
2000-12-24,2517.02,-5.14
2000-12-31,2470.52,-1.85
2001-01-07,2407.65,-2.54
2001-01-14,2626.5,9.09
2001-01-21,2770.38,5.48
2001-01-28,2781.3,0.39
2001-02-04,2660.5,-4.34
2001-02-11,2470.97,-7.12
2001-02-18,2425.38,-1.85
2001-02-25,2262.51,-6.72
2001-03-04,2117.63,-6.4
2001-03-11,2052.78,-3.06
2001-03-18,1890.91,-7.89
2001-03-25,1928.68,2.0
2001-04-01,1840.26,-4.58
2001-04-08,1720.36,-6.52
2001-04-15,1961.43,14.01
2001-04-22,2163.41,10.3
2001-04-29,2075.68,-4.06
2001-05-06,2191.53,5.58
2001-05-13,2107.43,-3.84
2001-05-20,2198.88,4.34
2001-05-27,2251.03,2.37
2001-06-03,2149.44,-4.51
2001-06-10,2215.1,3.05
2001-06-17,2028.43,-8.43
2001-06-24,2034.84,0.32
2001-07-01,2160.54,6.18
2001-07-08,2004.16,-7.24
2001-07-15,2084.79,4.02
2001-07-22,2029.37,-2.66
2001-07-29,2029.07,-0.01
2001-08-05,2066.33,1.84
2001-08-12,1956.47,-5.32
2001-08-19,1867.01,-4.57
2001-08-26,1916.8,2.67
2001-09-02,1805.43,-5.81
2001-09-09,1687.7,-6.52
2001-09-16,1695.38,0.46
2001-09-23,1423.19,-16.05
2001-09-30,1498.8,5.31
2001-10-07,1605.3,7.11
2001-10-14,1703.4,6.11
2001-10-21,1671.31,-1.88
2001-10-28,1768.96,5.84
2001-11-04,1745.73,-1.31
2001-11-11,1828.48,4.74
2001-11-18,1898.58,3.83
2001-11-25,1903.2,0.24
2001-12-02,1930.58,1.44
2001-12-09,2021.26,4.7
2001-12-16,1953.17,-3.37
2001-12-23,1945.83,-0.38
2001-12-30,1987.26,2.13
2002-01-06,2059.38,3.63
2002-01-13,2022.46,-1.79
2002-01-20,1930.34,-4.55
2002-01-27,1937.7,0.38
2002-02-03,1911.24,-1.37
2002-02-10,1818.88,-4.83
2002-02-17,1805.2,-0.75
2002-02-24,1724.54,-4.47
2002-03-03,1802.74,4.53
2002-03-10,1929.67,7.04
2002-03-17,1868.3,-3.18
2002-03-24,1851.39,-0.91
2002-03-31,1845.35,-0.33
2002-04-07,1770.03,-4.08
2002-04-14,1756.19,-0.78
2002-04-21,1796.83,2.31
2002-04-28,1663.89,-7.4
2002-05-05,1613.03,-3.06
2002-05-12,1600.85,-0.76
2002-05-19,1741.39,8.78
2002-05-26,1661.49,-4.59
2002-06-02,1615.73,-2.75
2002-06-09,1535.48,-4.97
2002-06-16,1504.74,-2.0
2002-06-23,1440.96,-4.24
2002-06-30,1463.21,1.54
2002-07-07,1448.36,-1.01
2002-07-14,1373.5,-5.17
2002-07-21,1319.15,-3.96
2002-07-28,1262.12,-4.32
2002-08-04,1247.92,-1.13
2002-08-11,1306.12,4.66
2002-08-18,1361.01,4.2
2002-08-25,1380.62,1.44
2002-09-01,1314.85,-4.76
2002-09-08,1295.3,-1.49
2002-09-15,1291.4,-0.3
2002-09-22,1221.09,-5.44
2002-09-29,1199.16,-1.8
2002-10-06,1139.9,-4.94
2002-10-13,1210.47,6.19
2002-10-20,1287.86,6.39
2002-10-27,1331.13,3.36
2002-11-03,1360.7,2.22
2002-11-10,1359.28,-0.1
2002-11-17,1411.14,3.82
2002-11-24,1468.74,4.08
2002-12-01,1478.78,0.68
2002-12-08,1422.44,-3.81
2002-12-15,1362.42,-4.22
2002-12-22,1363.05,0.05
2002-12-29,1348.31,-1.08
2003-01-05,1387.08,2.88
2003-01-12,1447.72,4.37
2003-01-19,1376.19,-4.94
2003-01-26,1342.14,-2.47
2003-02-02,1320.91,-1.58
2003-02-09,1282.47,-2.91
2003-02-16,1310.17,2.16
2003-02-23,1349.02,2.97
2003-03-02,1337.52,-0.85
2003-03-09,1305.29,-2.41
2003-03-16,1340.33,2.68
2003-03-23,1421.84,6.08
2003-03-30,1369.6,-3.67
2003-04-06,1383.51,1.02
2003-04-13,1358.85,-1.78
2003-04-20,1425.5,4.9
2003-04-27,1434.54,0.63
2003-05-04,1502.88,4.76
2003-05-11,1520.15,1.15
2003-05-18,1538.53,1.21
2003-05-25,1510.09,-1.85
2003-06-01,1595.91,5.68
2003-06-08,1627.42,1.97
2003-06-15,1626.49,-0.06
2003-06-22,1644.72,1.12
2003-06-29,1625.26,-1.18
2003-07-06,1663.46,2.35
2003-07-13,1733.93,4.24
2003-07-20,1708.5,-1.47
2003-07-27,1730.7,1.3
2003-08-03,1715.62,-0.87
2003-08-10,1644.03,-4.17
2003-08-17,1702.01,3.53
2003-08-24,1765.32,3.72
2003-08-31,1810.45,2.56
2003-09-07,1858.24,2.64
2003-09-14,1855.03,-0.17
2003-09-21,1905.7,2.73
2003-09-28,1792.07,-5.96
2003-10-05,1880.57,4.94
2003-10-12,1915.31,1.85
2003-10-19,1912.36,-0.15
2003-10-26,1865.59,-2.45
2003-11-02,1932.21,3.57
2003-11-09,1970.74,1.99
2003-11-16,1930.26,-2.05
2003-11-23,1893.88,-1.88
2003-11-30,1960.26,3.5
2003-12-07,1937.82,-1.14
2003-12-14,1949.0,0.58
2003-12-21,1951.02,0.1
2003-12-28,1973.14,1.13
2004-01-04,2006.68,1.7
2004-01-11,2086.92,4.0
2004-01-18,2140.46,2.57
2004-01-25,2123.87,-0.78
2004-02-01,2066.15,-2.72
2004-02-08,2064.01,-0.1
2004-02-15,2053.56,-0.51
2004-02-22,2037.93,-0.76
2004-02-29,2029.82,-0.4
2004-03-07,2047.63,0.88
2004-03-14,1984.73,-3.07
2004-03-21,1940.47,-2.23
2004-03-28,1960.02,1.01
2004-04-04,2057.17,4.96
2004-04-11,2052.88,-0.21
2004-04-18,1995.74,-2.78
2004-04-25,2049.77,2.71
2004-05-02,1920.15,-6.32
2004-05-09,1917.96,-0.11
2004-05-16,1904.25,-0.71
2004-05-23,1912.09,0.41
2004-05-30,1986.74,3.9
2004-06-06,1978.62,-0.41
2004-06-13,1999.87,1.07
2004-06-20,1986.73,-0.66
2004-06-27,2025.47,1.95
2004-07-04,2006.66,-0.93
2004-07-11,1946.33,-3.01
2004-07-18,1883.15,-3.25
2004-07-25,1849.09,-1.81
2004-08-01,1887.36,2.07
2004-08-08,1776.89,-5.85
2004-08-15,1757.22,-1.11
2004-08-22,1838.02,4.6
2004-08-29,1862.09,1.31
2004-09-05,1844.48,-0.95
2004-09-12,1894.31,2.7
2004-09-19,1910.09,0.83
2004-09-26,1879.48,-1.6
2004-10-03,1942.2,3.34
2004-10-10,1919.97,-1.14
2004-10-17,1911.5,-0.44
2004-10-24,1915.14,0.19
2004-10-31,1974.99,3.13
2004-11-07,2038.94,3.24
2004-11-14,2085.34,2.28
2004-11-21,2070.63,-0.71
2004-11-28,2101.97,1.51
2004-12-05,2147.96,2.19
2004-12-12,2128.07,-0.93
2004-12-19,2135.2,0.34
2004-12-26,2160.62,1.19
2005-01-02,2175.44,0.69
2005-01-09,2088.61,-3.99
2005-01-16,2087.91,-0.03
2005-01-23,2034.27,-2.57
2005-01-30,2035.83,0.08
2005-02-06,2086.66,2.5
2005-02-13,2076.66,-0.48
2005-02-20,2058.62,-0.87
2005-02-27,2065.4,0.33
2005-03-06,2070.61,0.25
2005-03-13,2041.6,-1.4
2005-03-20,2007.79,-1.66
2005-03-27,1991.06,-0.83
2005-04-03,1984.81,-0.31
2005-04-10,1999.35,0.73
2005-04-17,1908.15,-4.56
2005-04-24,1932.19,1.26
2005-05-01,1921.65,-0.55
2005-05-08,1967.35,2.38
2005-05-15,1976.78,0.48
2005-05-22,2046.42,3.52
2005-05-29,2075.73,1.43
2005-06-05,2071.43,-0.21
2005-06-12,2063.0,-0.41
2005-06-19,2090.11,1.31
2005-06-26,2053.27,-1.76
2005-07-03,2057.37,0.2
2005-07-10,2112.88,2.7
2005-07-17,2156.78,2.08
2005-07-24,2179.74,1.06
2005-07-31,2184.83,0.23
2005-08-07,2177.91,-0.32
2005-08-14,2156.9,-0.96
2005-08-21,2135.56,-0.99
2005-08-28,2120.77,-0.69
2005-09-04,2141.07,0.96
2005-09-11,2175.51,1.61
2005-09-18,2160.35,-0.7
2005-09-25,2116.84,-2.01
2005-10-02,2151.69,1.65
2005-10-09,2090.35,-2.85
2005-10-16,2064.83,-1.22
2005-10-23,2082.21,0.84
2005-10-30,2089.88,0.37
2005-11-06,2169.43,3.81
2005-11-13,2202.47,1.52
2005-11-20,2227.07,1.12
2005-11-27,2263.01,1.61
2005-12-04,2273.37,0.46
2005-12-11,2256.73,-0.73
2005-12-18,2252.48,-0.19
2005-12-25,2249.42,-0.14
2006-01-01,2205.32,-1.96
2006-01-08,2305.62,4.55
2006-01-15,2317.04,0.5
2006-01-22,2247.7,-2.99
2006-01-29,2304.23,2.52
2006-02-05,2262.58,-1.81
2006-02-12,2261.88,-0.03
2006-02-19,2282.36,0.91
2006-02-26,2287.04,0.21
2006-03-05,2302.6,0.68
2006-03-12,2262.04,-1.76
2006-03-19,2306.48,1.96
2006-03-26,2312.82,0.27
2006-04-02,2339.79,1.17
2006-04-09,2339.02,-0.03
2006-04-16,2326.11,-0.55
2006-04-23,2342.86,0.72
2006-04-30,2322.57,-0.87
2006-05-07,2342.57,0.86
2006-05-14,2243.78,-4.22
2006-05-21,2193.88,-2.22
2006-05-28,2210.37,0.75
2006-06-04,2219.41,0.41
2006-06-11,2135.06,-3.8
2006-06-18,2129.95,-0.24
2006-06-25,2121.47,-0.4
2006-07-02,2172.09,2.39
2006-07-09,2130.06,-1.94
2006-07-16,2037.35,-4.35
2006-07-23,2020.39,-0.83
2006-07-30,2094.14,3.65
2006-08-06,2085.05,-0.43
2006-08-13,2057.71,-1.31
2006-08-20,2163.95,5.16
2006-08-27,2140.29,-1.09
2006-09-03,2193.16,2.47
2006-09-10,2165.79,-1.25
2006-09-17,2235.59,3.22
2006-09-24,2218.93,-0.75
2006-10-01,2258.43,1.78
2006-10-08,2299.99,1.84
2006-10-15,2357.29,2.49
2006-10-22,2342.3,-0.64
2006-10-29,2350.62,0.36
2006-11-05,2330.79,-0.84
2006-11-12,2389.72,2.53
2006-11-19,2445.86,2.35
2006-11-26,2460.26,0.59
2006-12-03,2413.21,-1.91
2006-12-10,2437.36,1.0
2006-12-17,2457.2,0.81
2006-12-24,2401.18,-2.28
2006-12-31,2415.29,0.59
2007-01-07,2434.25,0.78
2007-01-14,2502.82,2.82
2007-01-21,2451.31,-2.06
2007-01-28,2435.49,-0.65
2007-02-04,2475.88,1.66
2007-02-11,2459.82,-0.65
2007-02-18,2496.31,1.48
2007-02-25,2515.1,0.75
2007-03-04,2368.0,-5.85
2007-03-11,2387.55,0.83
2007-03-18,2372.66,-0.62
2007-03-25,2448.93,3.21
2007-04-01,2421.64,-1.11
2007-04-08,2471.34,2.05
2007-04-15,2491.94,0.83
2007-04-22,2526.39,1.38
2007-04-29,2557.21,1.22
2007-05-06,2572.15,0.58
2007-05-13,2562.22,-0.39
2007-05-20,2558.45,-0.15
2007-05-27,2557.19,-0.05
2007-06-03,2613.92,2.22
2007-06-10,2573.54,-1.54
2007-06-17,2626.71,2.07
2007-06-24,2588.96,-1.44
2007-07-01,2603.23,0.55
2007-07-08,2666.51,2.43
2007-07-15,2707.0,1.52
2007-07-22,2687.6,-0.72
2007-07-29,2562.24,-4.66
2007-08-05,2511.25,-1.99
2007-08-12,2544.89,1.34
2007-08-19,2505.03,-1.57
2007-08-26,2576.69,2.86
2007-09-02,2596.36,0.76
2007-09-09,2565.7,-1.18
2007-09-16,2602.18,1.42
2007-09-23,2671.22,2.65
2007-09-30,2701.5,1.13
2007-10-07,2780.32,2.92
2007-10-14,2805.68,0.91
2007-10-21,2725.16,-2.87
2007-10-28,2804.19,2.9
2007-11-04,2810.38,0.22
2007-11-11,2627.94,-6.49
2007-11-18,2637.24,0.35
2007-11-25,2596.6,-1.54
2007-12-02,2660.96,2.48
2007-12-09,2706.16,1.7
2007-12-16,2635.74,-2.6
2007-12-23,2691.99,2.13
2007-12-30,2674.46,-0.65
2008-01-06,2504.65,-6.35
2008-01-13,2439.94,-2.58
2008-01-20,2340.02,-4.1
2008-01-27,2326.2,-0.59
2008-02-03,2413.36,3.75
2008-02-10,2304.85,-4.5
2008-02-17,2321.8,0.74
2008-02-24,2303.35,-0.79
2008-03-02,2271.48,-1.38
2008-03-09,2212.49,-2.6
2008-03-16,2212.49,0.0
2008-03-23,2258.11,2.06
2008-03-30,2261.18,0.14
2008-04-06,2370.98,4.86
2008-04-13,2290.24,-3.41
2008-04-20,2402.97,4.92
2008-04-27,2422.93,0.83
2008-05-04,2476.99,2.23
2008-05-11,2445.52,-1.27
2008-05-18,2528.85,3.41
2008-05-25,2444.67,-3.33
2008-06-01,2522.66,3.19
2008-06-08,2474.56,-1.91
2008-06-15,2454.5,-0.81
2008-06-22,2406.09,-1.97
2008-06-29,2315.63,-3.76
2008-07-06,2245.38,-3.03
2008-07-13,2239.08,-0.28
2008-07-20,2282.78,1.95
2008-07-27,2310.53,1.22
2008-08-03,2310.96,0.02
2008-08-10,2414.1,4.46
2008-08-17,2452.52,1.59
2008-08-24,2414.71,-1.54
2008-08-31,2367.52,-1.95
2008-09-07,2255.88,-4.72
2008-09-14,2261.27,0.24
2008-09-21,2273.9,0.56
2008-09-28,2183.34,-3.98
2008-10-05,1947.39,-10.81
2008-10-12,1649.51,-15.3
2008-10-19,1711.29,3.75
2008-10-26,1552.03,-9.31
2008-11-02,1720.95,10.88
2008-11-09,1647.4,-4.27
2008-11-16,1516.85,-7.92
2008-11-23,1384.35,-8.74
2008-11-30,1535.57,10.92
2008-12-07,1509.31,-1.71
2008-12-14,1540.72,2.08
2008-12-21,1564.32,1.53
2008-12-28,1530.24,-2.18
2009-01-04,1632.21,6.66
2009-01-11,1571.59,-3.71
2009-01-18,1529.33,-2.69
2009-01-25,1477.29,-3.4
2009-02-01,1476.42,-0.06
2009-02-08,1591.71,7.81
2009-02-15,1534.36,-3.6
2009-02-22,1441.23,-6.07
2009-03-01,1377.84,-4.4
2009-03-08,1293.85,-6.1
2009-03-15,1431.5,10.64
2009-03-22,1457.27,1.8
2009-03-29,1545.2,6.03
2009-04-05,1621.87,4.96
2009-04-12,1652.54,1.89
2009-04-19,1673.07,1.24
2009-04-26,1694.29,1.27
2009-05-03,1719.2,1.47
2009-05-10,1739.0,1.15
2009-05-17,1680.14,-3.38
2009-05-24,1692.01,0.71
2009-05-31,1774.33,4.87
2009-06-07,1849.42,4.23
2009-06-14,1858.8,0.51
2009-06-21,1827.47,-1.69
2009-06-28,1838.22,0.59
2009-07-05,1796.52,-2.27
2009-07-12,1756.03,-2.25
2009-07-19,1886.61,7.44
2009-07-26,1965.96,4.21
2009-08-02,1978.5,0.64
2009-08-09,2000.25,1.1
2009-08-16,1985.52,-0.74
2009-08-23,2020.9,1.78
2009-08-30,2028.77,0.39
2009-09-06,2018.78,-0.49
2009-09-13,2080.9,3.08
2009-09-20,2132.86,2.5
2009-09-27,2090.92,-1.97
2009-10-04,2048.11,-2.05
2009-10-11,2139.28,4.45
2009-10-18,2156.8,0.82
2009-10-25,2154.47,-0.11
2009-11-01,2045.11,-5.08
2009-11-08,2112.44,3.29
2009-11-15,2167.88,2.62
2009-11-22,2146.04,-1.01
2009-11-29,2138.44,-0.35
2009-12-06,2194.35,2.61
2009-12-13,2190.31,-0.18
2009-12-20,2211.69,0.98
2009-12-27,2285.69,3.35
2010-01-03,2269.15,-0.72
2010-01-10,2317.17,2.12
2010-01-17,2287.99,-1.26
2010-01-24,2205.29,-3.61
2010-01-31,2147.35,-2.63
2010-02-07,2141.12,-0.29
2010-02-14,2183.53,1.98
2010-02-21,2243.87,2.76
2010-02-28,2238.26,-0.25
2010-03-07,2326.35,3.94
2010-03-14,2367.66,1.78
2010-03-21,2374.41,0.29
2010-03-28,2395.13,0.87
2010-04-04,2402.58,0.31
2010-04-11,2454.05,2.14
2010-04-18,2481.26,1.11
2010-04-25,2530.15,1.97
2010-05-02,2461.19,-2.73
2010-05-09,2265.64,-7.95
2010-05-16,2346.85,3.58
2010-05-23,2229.04,-5.02
2010-05-30,2257.04,1.26
2010-06-06,2219.17,-1.68
2010-06-13,2243.6,1.1
2010-06-20,2309.8,2.95
2010-06-27,2223.48,-3.74
2010-07-04,2091.79,-5.92
2010-07-11,2196.45,5.0
2010-07-18,2179.05,-0.79
2010-07-25,2269.47,4.15
2010-08-01,2254.7,-0.65
2010-08-08,2288.47,1.5
2010-08-15,2173.48,-5.02
2010-08-22,2179.76,0.29
2010-08-29,2153.63,-1.2
2010-09-05,2233.75,3.72
2010-09-12,2242.48,0.39
2010-09-19,2315.61,3.26
2010-09-26,2381.22,2.83
2010-10-03,2370.75,-0.44
2010-10-10,2401.91,1.31
2010-10-17,2468.77,2.78
2010-10-24,2479.39,0.43
2010-10-31,2507.41,1.13
2010-11-07,2578.98,2.85
2010-11-14,2518.21,-2.36
2010-11-21,2518.12,-0.0
2010-11-28,2534.56,0.65
2010-12-05,2591.46,2.24
2010-12-12,2637.54,1.78
2010-12-19,2642.97,0.21
2010-12-26,2665.6,0.86
2011-01-02,2652.87,-0.48
2011-01-09,2703.17,1.9
2011-01-16,2755.3,1.93
2011-01-23,2689.54,-2.39
2011-01-30,2686.89,-0.1
2011-02-06,2769.3,3.07
2011-02-13,2809.44,1.45
2011-02-20,2833.95,0.87
2011-02-27,2781.05,-1.87
2011-03-06,2784.67,0.13
2011-03-13,2715.61,-2.48
2011-03-20,2643.67,-2.65
2011-03-27,2743.06,3.76
2011-04-03,2789.6,1.7
2011-04-10,2780.42,-0.33
2011-04-17,2764.65,-0.57
2011-04-24,2820.16,2.01
2011-05-01,2873.54,1.89
2011-05-08,2827.56,-1.6
2011-05-15,2828.47,0.03
2011-05-22,2803.32,-0.89
2011-05-29,2796.86,-0.23
2011-06-05,2732.78,-2.29
2011-06-12,2643.73,-3.26
2011-06-19,2616.48,-1.03
2011-06-26,2652.89,1.39
2011-07-03,2816.03,6.15
2011-07-10,2859.81,1.55
2011-07-17,2789.8,-2.45
2011-07-24,2858.83,2.47
2011-07-31,2756.38,-3.58
2011-08-07,2532.41,-8.13
2011-08-14,2507.98,-0.96
2011-08-21,2341.84,-6.62
2011-08-28,2479.85,5.89
2011-09-04,2480.33,0.02
2011-09-11,2467.99,-0.5
2011-09-18,2622.31,6.25
2011-09-25,2483.23,-5.3
2011-10-02,2415.4,-2.73
2011-10-09,2479.35,2.65
2011-10-16,2667.85,7.6
2011-10-23,2637.46,-1.14
2011-10-30,2737.15,3.78
2011-11-06,2686.15,-1.86
2011-11-13,2678.75,-0.28
2011-11-20,2572.5,-3.97
2011-11-27,2441.51,-5.09
2011-12-04,2626.93,7.59
2011-12-11,2646.85,0.76
2011-12-18,2555.33,-3.46
2011-12-25,2618.64,2.48
2012-01-01,2605.15,-0.52
2012-01-08,2674.22,2.65
2012-01-15,2710.67,1.36
2012-01-22,2786.7,2.8
2012-01-29,2816.55,1.07
2012-02-05,2905.66,3.16
2012-02-12,2903.88,-0.06
2012-02-19,2951.78,1.65
2012-02-26,2963.75,0.41
2012-03-04,2976.19,0.42
2012-03-11,2988.34,0.41
2012-03-18,3055.26,2.24
2012-03-25,3067.92,0.41
2012-04-01,3091.57,0.77
2012-04-08,3080.5,-0.36
2012-04-15,3011.33,-2.25
2012-04-22,3000.45,-0.36
2012-04-29,3069.2,2.29
2012-05-06,2956.34,-3.68
2012-05-13,2933.82,-0.76
2012-05-20,2778.79,-5.28
2012-05-27,2837.53,2.11
2012-06-03,2747.48,-3.17
2012-06-10,2858.42,4.04
2012-06-17,2872.8,0.5
2012-06-24,2892.42,0.68
2012-07-01,2935.05,1.47
2012-07-08,2937.33,0.08
2012-07-15,2908.47,-0.98
2012-07-22,2925.3,0.58
2012-07-29,2958.09,1.12
2012-08-05,2967.9,0.33
2012-08-12,3020.86,1.78
2012-08-19,3076.59,1.84
2012-08-26,3069.79,-0.22
2012-09-02,3066.96,-0.09
2012-09-09,3136.42,2.26
2012-09-16,3183.95,1.52
2012-09-23,3179.96,-0.13
2012-09-30,3116.23,-2.0
2012-10-07,3136.19,0.64
2012-10-14,3044.11,-2.94
2012-10-21,3005.62,-1.26
2012-10-28,2987.95,-0.59
2012-11-04,2982.13,-0.19
2012-11-11,2904.87,-2.59
2012-11-18,2853.13,-1.78
2012-11-25,2966.85,3.99
2012-12-02,3010.24,1.46
2012-12-09,2978.04,-1.07
2012-12-16,2971.33,-0.23
2012-12-23,3021.01,1.67
2012-12-30,2960.31,-2.01
2013-01-06,3101.66,4.77
2013-01-13,3125.63,0.77
2013-01-20,3134.71,0.29
2013-01-27,3149.71,0.48
2013-02-03,3179.1,0.93
2013-02-10,3193.87,0.46
2013-02-17,3192.03,-0.06
2013-02-24,3161.82,-0.95
2013-03-03,3169.74,0.25
2013-03-10,3244.37,2.35
2013-03-17,3249.07,0.14
2013-03-24,3245.0,-0.13
2013-03-31,3267.52,0.69
2013-04-07,3203.86,-1.95
2013-04-14,3294.95,2.84
2013-04-21,3206.06,-2.7
2013-04-28,3279.26,2.28
2013-05-05,3378.63,3.03
2013-05-12,3436.58,1.72
2013-05-19,3498.97,1.82
2013-05-26,3459.14,-1.14
2013-06-02,3455.91,-0.09
2013-06-09,3469.22,0.39
2013-06-16,3423.56,-1.32
2013-06-23,3357.25,-1.94
2013-06-30,3403.25,1.37
2013-07-07,3479.38,2.24
2013-07-14,3600.08,3.47
2013-07-21,3587.61,-0.35
2013-07-28,3613.16,0.71
2013-08-04,3689.59,2.12
2013-08-11,3660.11,-0.8
2013-08-18,3602.78,-1.57
2013-08-25,3657.79,1.53
2013-09-01,3589.87,-1.86
2013-09-08,3660.01,1.95
2013-09-15,3722.18,1.7
2013-09-22,3774.73,1.41
2013-09-29,3781.59,0.18
2013-10-06,3807.75,0.69
2013-10-13,3791.87,-0.42
2013-10-20,3914.28,3.23
2013-10-27,3943.36,0.74
2013-11-03,3922.04,-0.54
2013-11-10,3919.23,-0.07
2013-11-17,3985.97,1.7
2013-11-24,3991.65,0.14
2013-12-01,4059.89,1.71
2013-12-08,4062.52,0.06
2013-12-15,4000.98,-1.51
2013-12-22,4104.74,2.59
2013-12-29,4156.59,1.26
2014-01-05,4131.91,-0.59
2014-01-12,4174.67,1.03
2014-01-19,4197.58,0.55
2014-01-26,4128.17,-1.65
2014-02-02,4103.88,-0.59
2014-02-09,4125.86,0.54
2014-02-16,4244.02,2.86
2014-02-23,4263.41,0.46
2014-03-02,4308.12,1.05
2014-03-09,4336.22,0.65
2014-03-16,4245.4,-2.09
2014-03-23,4276.79,0.74
2014-03-30,4155.76,-2.83
2014-04-06,4127.73,-0.67
2014-04-13,3999.73,-3.1
2014-04-20,4095.52,2.39
2014-04-27,4075.56,-0.49
2014-05-04,4123.9,1.19
2014-05-11,4071.87,-1.26
2014-05-18,4090.59,0.46
2014-05-25,4185.81,2.33
2014-06-01,4242.62,1.36
2014-06-08,4321.4,1.86
2014-06-15,4310.65,-0.25
2014-06-22,4368.04,1.33
2014-06-29,4397.93,0.68
2014-07-06,4485.93,2.0
2014-07-13,4415.49,-1.57
2014-07-20,4432.15,0.38
2014-07-27,4449.56,0.39
2014-08-03,4352.64,-2.18
2014-08-10,4370.9,0.42
2014-08-17,4464.93,2.15
2014-08-24,4538.55,1.65
2014-08-31,4580.27,0.92
2014-09-07,4582.9,0.06
2014-09-14,4567.6,-0.33
2014-09-21,4579.79,0.27
2014-09-28,4512.19,-1.48
2014-10-05,4475.62,-0.81
2014-10-12,4276.24,-4.45
2014-10-19,4258.44,-0.42
2014-10-26,4483.72,5.29
2014-11-02,4630.74,3.28
2014-11-09,4632.53,0.04
2014-11-16,4688.54,1.21
2014-11-23,4712.97,0.52
2014-11-30,4791.63,1.67
2014-12-07,4780.76,-0.23
2014-12-14,4653.6,-2.66
2014-12-21,4765.38,2.4
2014-12-28,4806.86,0.87
2015-01-04,4726.81,-1.67
2015-01-11,4704.07,-0.48
2015-01-18,4634.38,-1.48
2015-01-25,4757.88,2.66
2015-02-01,4635.24,-2.58
2015-02-08,4744.4,2.36
2015-02-15,4893.84,3.15
2015-02-22,4955.97,1.27
2015-03-01,4963.53,0.15
2015-03-08,4927.37,-0.73
2015-03-15,4871.76,-1.13
2015-03-22,5026.42,3.17
2015-03-29,4891.22,-2.69
2015-04-05,4886.94,-0.09
2015-04-12,4995.98,2.23
2015-04-19,4931.81,-1.28
2015-04-26,5092.08,3.25
2015-05-03,5005.39,-1.7
2015-05-10,5003.55,-0.04
2015-05-17,5048.29,0.89
2015-05-24,5089.36,0.81
2015-05-31,5070.03,-0.38
2015-06-07,5068.46,-0.03
2015-06-14,5051.1,-0.34
2015-06-21,5117.0,1.3
2015-06-28,5080.51,-0.71
2015-07-05,5009.21,-1.4
2015-07-12,4997.7,-0.23
2015-07-19,5210.14,4.25
2015-07-26,5088.63,-2.33
2015-08-02,5128.28,0.78
2015-08-09,5043.54,-1.65
2015-08-16,5048.24,0.09
2015-08-23,4706.04,-6.78
2015-08-30,4828.32,2.6
2015-09-06,4683.92,-2.99
2015-09-13,4822.34,2.96
2015-09-20,4827.23,0.1
2015-09-27,4686.5,-2.92
2015-10-04,4707.78,0.45
2015-10-11,4830.47,2.61
2015-10-18,4886.69,1.16
2015-10-25,5031.86,2.97
2015-11-01,5053.75,0.44
2015-11-08,5147.12,1.85
2015-11-15,4927.88,-4.26
2015-11-22,5104.92,3.59
2015-11-29,5127.52,0.44
2015-12-06,5142.27,0.29
2015-12-13,4933.47,-4.06
2015-12-20,4923.08,-0.21
2015-12-27,5048.49,2.55
2016-01-03,5007.41,-0.81
2016-01-10,4643.63,-7.26
2016-01-17,4488.42,-3.34
2016-01-24,4591.18,2.29
2016-01-31,4613.95,0.5
2016-02-07,4363.14,-5.44
2016-02-14,4337.51,-0.59
2016-02-21,4504.43,3.85
2016-02-28,4590.47,1.91
2016-03-06,4717.02,2.76
2016-03-13,4748.47,0.67
2016-03-20,4795.65,0.99
2016-03-27,4773.5,-0.46
2016-04-03,4914.54,2.95
2016-04-10,4850.69,-1.3
2016-04-17,4938.22,1.8
2016-04-24,4906.23,-0.65
2016-05-01,4775.36,-2.67
2016-05-08,4736.16,-0.82
2016-05-15,4717.68,-0.39
2016-05-22,4769.56,1.1
2016-05-29,4933.5,3.44
2016-06-05,4942.52,0.18
2016-06-12,4894.55,-0.97
2016-06-19,4800.34,-1.92
2016-06-26,4707.98,-1.92
2016-07-03,4862.57,3.28
2016-07-10,4956.76,1.94
2016-07-17,5029.59,1.47
2016-07-24,5100.16,1.4
2016-07-31,5162.13,1.22
2016-08-07,5221.12,1.14
2016-08-14,5232.89,0.23
2016-08-21,5238.38,0.1
2016-08-28,5218.92,-0.37
2016-09-04,5249.9,0.59
2016-09-11,5125.91,-2.36
2016-09-18,5244.57,2.31
2016-09-25,5305.75,1.17
2016-10-02,5312.0,0.12
2016-10-09,5292.4,-0.37
2016-10-16,5214.16,-1.48
2016-10-23,5257.4,0.83
2016-10-30,5190.1,-1.28
2016-11-06,5046.37,-2.77
2016-11-13,5237.11,3.78
2016-11-20,5321.51,1.61
2016-11-27,5398.92,1.45
2016-12-04,5255.65,-2.65
2016-12-11,5444.5,3.59
2016-12-18,5437.16,-0.13
2016-12-25,5462.69,0.47
2017-01-01,5383.12,-1.46
2017-01-08,5521.06,2.56
2017-01-15,5574.12,0.96
2017-01-22,5555.33,-0.34
2017-01-29,5660.78,1.9
2017-02-05,5666.77,0.11
2017-02-12,5734.13,1.19
2017-02-19,5838.58,1.82
2017-02-26,5845.31,0.12
2017-03-05,5870.75,0.44
2017-03-12,5861.73,-0.15
2017-03-19,5901.0,0.67
2017-03-26,5828.74,-1.22
2017-04-02,5911.74,1.42
2017-04-09,5877.81,-0.57
2017-04-16,5805.15,-1.24
2017-04-23,5910.52,1.82
2017-04-30,6047.61,2.32
2017-05-07,6100.76,0.88
2017-05-14,6121.23,0.34
2017-05-21,6083.7,-0.61
2017-05-28,6210.19,2.08
2017-06-04,6305.8,1.54
2017-06-11,6207.92,-1.55
2017-06-18,6151.76,-0.9
2017-06-25,6265.25,1.84
2017-07-02,6140.42,-1.99
2017-07-09,6153.08,0.21
2017-07-16,6312.47,2.59
2017-07-23,6387.75,1.19
2017-07-30,6374.68,-0.2
2017-08-06,6351.56,-0.36
2017-08-13,6256.56,-1.5
2017-08-20,6216.53,-0.64
2017-08-27,6265.64,0.79
2017-09-03,6435.33,2.71
2017-09-10,6360.19,-1.17
2017-09-17,6448.47,1.39
2017-09-24,6426.92,-0.33
2017-10-01,6495.96,1.07
2017-10-08,6590.18,1.45
2017-10-15,6605.8,0.24
2017-10-22,6629.05,0.35
2017-10-29,6701.26,1.09
2017-11-05,6764.44,0.94
2017-11-12,6750.94,-0.2
2017-11-19,6782.79,0.47
2017-11-26,6889.16,1.57
2017-12-03,6847.59,-0.6
2017-12-10,6840.08,-0.11
2017-12-17,6936.58,1.41
2017-12-24,6959.96,0.34
2017-12-31,6903.39,-0.81
2018-01-07,7136.56,3.38
2018-01-14,7261.06,1.74
2018-01-21,7336.38,1.04
2018-01-28,7505.77,2.31
2018-02-04,7240.95,-3.53
2018-02-11,6874.49,-5.06
2018-02-18,7239.47,5.31
2018-02-25,7337.39,1.35
2018-03-04,7257.87,-1.08
2018-03-11,7560.81,4.17
2018-03-18,7481.99,-1.04
2018-03-25,6992.67,-6.54
2018-04-01,7063.45,1.01
2018-04-08,6915.11,-2.1
2018-04-15,7106.65,2.77
2018-04-22,7146.13,0.56
2018-04-29,7119.8,-0.37
2018-05-06,7209.62,1.26
2018-05-13,7402.88,2.68
2018-05-20,7354.34,-0.66
2018-05-27,7433.85,1.08
2018-06-03,7554.33,1.62
2018-06-10,7645.51,1.21
2018-06-17,7746.38,1.32
2018-06-24,7692.82,-0.69
2018-07-01,7510.3,-2.37
2018-07-08,7688.39,2.37
2018-07-15,7825.98,1.79
2018-07-22,7820.2,-0.07
2018-07-29,7737.42,-1.06
2018-08-05,7812.01,0.96
2018-08-12,7839.11,0.35
2018-08-19,7816.33,-0.29
2018-08-26,7945.98,1.66
2018-09-02,8109.54,2.06
2018-09-09,7902.54,-2.55
2018-09-16,8010.04,1.36
2018-09-23,7986.96,-0.29
2018-09-30,8046.35,0.74
2018-10-07,7788.45,-3.21
2018-10-14,7496.89,-3.74
2018-10-21,7449.03,-0.64
2018-10-28,7167.21,-3.78
2018-11-04,7356.99,2.65
2018-11-11,7406.9,0.68
2018-11-18,7247.87,-2.15
2018-11-25,6938.98,-4.26
2018-12-02,7330.54,5.64
2018-12-09,6969.25,-4.93
2018-12-16,6910.66,-0.84
2018-12-23,6332.99,-8.36
2018-12-30,6584.52,3.97
2019-01-06,6738.86,2.34
2019-01-13,6971.48,3.45
2019-01-20,7157.23,2.66
2019-01-27,7164.86,0.11
2019-02-03,7263.87,1.38
2019-02-10,7298.2,0.47
2019-02-17,7472.41,2.39
2019-02-24,7527.54,0.74
2019-03-03,7595.35,0.9
2019-03-10,7408.14,-2.46
2019-03-17,7688.53,3.78
2019-03-24,7642.67,-0.6
2019-03-31,7729.32,1.13
2019-04-07,7938.69,2.71
2019-04-14,7984.16,0.57
2019-04-21,7998.06,0.17
2019-04-28,8146.4,1.85
2019-05-05,8164.0,0.22
2019-05-12,7916.94,-3.03
2019-05-19,7816.28,-1.27
2019-05-26,7637.01,-2.29
2019-06-02,7453.15,-2.41
2019-06-09,7742.1,3.88
2019-06-16,7796.66,0.7
2019-06-23,8031.71,3.01
2019-06-30,8006.24,-0.32
2019-07-07,8161.79,1.94
2019-07-14,8244.14,1.01
2019-07-21,8146.49,-1.18
2019-07-28,8330.21,2.26
2019-08-04,8004.07,-3.92
2019-08-11,7959.14,-0.56
2019-08-18,7895.99,-0.79
2019-08-25,7751.77,-1.83
2019-09-01,7962.88,2.72
2019-09-08,8103.07,1.76
2019-09-15,8176.71,0.91
2019-09-22,8117.67,-0.72
2019-09-29,7939.63,-2.19
2019-10-06,7982.47,0.54
2019-10-13,8057.04,0.93
2019-10-20,8089.54,0.4
2019-10-27,8243.12,1.9
2019-11-03,8386.4,1.74
2019-11-10,8475.31,1.06
2019-11-17,8540.83,0.77
2019-11-24,8519.88,-0.25
2019-12-01,8665.47,1.71
2019-12-08,8656.53,-0.1
2019-12-15,8734.88,0.91
2019-12-22,8924.96,2.18
2019-12-29,9006.62,0.91
2020-01-05,9020.77,0.16
2020-01-12,9178.86,1.75
2020-01-19,9388.94,2.29
2020-01-26,9314.91,-0.79
2020-02-02,9150.94,-1.76
2020-02-09,9520.51,4.04
2020-02-16,9731.18,2.21
2020-02-23,9576.59,-1.59
2020-03-01,8567.37,-10.54
2020-03-08,8575.62,0.1
2020-03-15,7874.88,-8.17
2020-03-22,6879.52,-12.64
2020-03-29,7502.38,9.05
2020-04-05,7373.08,-1.72
2020-04-12,8153.58,10.59
2020-04-19,8650.14,6.09
2020-04-26,8634.52,-0.18
2020-05-03,8604.95,-0.34
2020-05-10,9121.32,6.0
2020-05-17,9014.56,-1.17
2020-05-24,9324.59,3.44
2020-05-31,9489.87,1.77
2020-06-07,9814.08,3.42
2020-06-14,9588.81,-2.3
2020-06-21,9946.12,3.73
2020-06-28,9757.22,-1.9
2020-07-05,10207.63,4.62
2020-07-12,10617.44,4.01
2020-07-19,10503.19,-1.08
2020-07-26,10363.18,-1.33
2020-08-02,10745.27,3.69
2020-08-09,11010.98,2.47
2020-08-16,11019.3,0.08
2020-08-23,11311.8,2.65
2020-08-30,11695.63,3.39
2020-09-06,11313.13,-3.27
2020-09-13,10853.55,-4.06
2020-09-20,10793.28,-0.56
2020-09-27,10913.56,1.11
2020-10-04,11075.02,1.48
2020-10-11,11579.94,4.56
2020-10-18,11671.56,0.79
2020-10-25,11548.28,-1.06
2020-11-01,10911.59,-5.51
2020-11-08,11895.23,9.01
2020-11-15,11829.29,-0.55
2020-11-22,11854.97,0.22
2020-11-29,12205.85,2.96
2020-12-06,12464.23,2.12
2020-12-13,12377.87,-0.69
2020-12-20,12755.64,3.05
2020-12-27,12804.73,0.38
2021-01-03,12888.28,0.65
2021-01-10,13201.98,2.43
2021-01-17,12998.5,-1.54
2021-01-24,13543.06,4.19
2021-01-31,13070.69,-3.49
2021-02-07,13856.3,6.01
2021-02-14,14095.47,1.73
2021-02-21,13874.46,-1.57
2021-02-28,13192.35,-4.92
2021-03-07,12920.15,-2.06
2021-03-14,13319.86,3.09
2021-03-21,13215.24,-0.79
2021-03-28,13138.73,-0.58
2021-04-04,13480.11,2.6
2021-04-11,13900.19,3.12
2021-04-18,14052.34,1.09
2021-04-25,14016.81,-0.25
2021-05-02,13962.68,-0.39
2021-05-09,13752.24,-1.51
2021-05-16,13429.98,-2.34
2021-05-23,13470.99,0.31
2021-05-30,13748.74,2.06
2021-06-06,13814.49,0.48
2021-06-13,14069.42,1.85
2021-06-20,14030.38,-0.28
2021-06-27,14360.39,2.35
2021-07-04,14639.33,1.94
2021-07-11,14701.92,0.43
2021-07-18,14427.24,-1.87
2021-07-25,14836.99,2.84
2021-08-01,14672.68,-1.11
2021-08-08,14835.76,1.11
2021-08-15,14822.9,-0.09
2021-08-22,14714.66,-0.73
2021-08-29,15129.5,2.82
2021-09-05,15363.52,1.55
2021-09-12,15115.49,-1.61
2021-09-19,15043.97,-0.47
2021-09-26,15047.7,0.02
2021-10-03,14566.7,-3.2
2021-10-10,14579.54,0.09
2021-10-17,14897.34,2.18
2021-10-24,15090.2,1.29
2021-10-31,15498.39,2.71
2021-11-07,15971.59,3.05
2021-11-14,15860.96,-0.69
2021-11-21,16057.44,1.24
2021-11-28,15491.66,-3.52
2021-12-05,15085.47,-2.62
2021-12-12,15630.6,3.61
2021-12-19,15169.68,-2.95
2021-12-26,15653.37,3.19
2022-01-02,15644.97,-0.05
2022-01-09,14935.9,-4.53
2022-01-16,14893.75,-0.28
2022-01-23,13768.92,-7.55
2022-01-30,13770.57,0.01
2022-02-06,14098.01,2.38
2022-02-13,13791.15,-2.18
2022-02-20,13548.07,-1.76
2022-02-27,13694.62,1.08
2022-03-06,13313.44,-2.78
2022-03-13,12843.81,-3.53
2022-03-20,13893.84,8.18
2022-03-27,14169.3,1.98
2022-04-03,14261.5,0.65
2022-04-10,13711.0,-3.86
2022-04-17,13351.08,-2.63
2022-04-24,12839.29,-3.83
2022-05-01,12334.64,-3.93
2022-05-08,12144.66,-1.54
2022-05-15,11805.0,-2.8
2022-05-22,11354.62,-3.82
2022-05-29,12131.13,6.84
2022-06-05,12012.73,-0.98
2022-06-12,11340.02,-5.6
2022-06-19,10798.35,-4.78
2022-06-26,11607.62,7.49
2022-07-03,11127.85,-4.13
2022-07-10,11635.31,4.56
2022-07-17,11452.42,-1.57
2022-07-24,11834.11,3.33
2022-07-31,12390.69,4.7
2022-08-07,12657.55,2.15
2022-08-14,13047.19,3.08
2022-08-21,12705.22,-2.62
2022-08-28,12141.71,-4.44
2022-09-04,11630.86,-4.21
2022-09-11,12112.31,4.14
2022-09-18,11448.4,-5.48
2022-09-25,10867.93,-5.07
2022-10-02,10575.62,-2.69
2022-10-09,10652.4,0.73
2022-10-16,10321.39,-3.11
2022-10-23,10859.72,5.22
2022-10-30,11102.45,2.24
2022-11-06,10475.25,-5.65
2022-11-13,11323.33,8.1
2022-11-20,11146.06,-1.57
2022-11-27,11226.36,0.72
2022-12-04,11461.5,2.09
2022-12-11,11004.62,-3.99
2022-12-18,10705.41,-2.72
2022-12-25,10497.86,-1.94
2023-01-01,10466.48,-0.3
2023-01-08,10569.29,0.98
2023-01-15,11079.16,4.82
2023-01-22,11140.43,0.55
2023-01-29,11621.71,4.32
2023-02-05,12006.95,3.31
2023-02-12,11718.12,-2.41
2023-02-19,11787.27,0.59
2023-02-26,11394.94,-3.33
2023-03-05,11689.01,2.58
2023-03-12,11138.89,-4.71
2023-03-19,11630.51,4.41
2023-03-26,11823.96,1.66
2023-04-02,12221.91,3.37
2023-04-09,12087.96,-1.1
2023-04-16,12123.47,0.29
2023-04-23,12072.46,-0.42
2023-04-30,12226.58,1.28
2023-05-07,12235.41,0.07
2023-05-14,12284.74,0.4
2023-05-21,12657.9,3.04
2023-05-28,12975.69,2.51
2023-06-04,13240.77,2.04
2023-06-11,13259.14,0.14
2023-06-18,13689.57,3.25
2023-06-25,13492.52,-1.44
2023-07-02,13787.92,2.19
2023-07-09,13660.72,-0.92
2023-07-16,14113.7,3.32
2023-07-23,14032.81,-0.57
2023-07-30,14316.66,2.02
2023-08-06,13909.24,-2.85
2023-08-13,13644.85,-1.9
2023-08-20,13290.78,-2.59
2023-08-27,13590.65,2.26
2023-09-03,14031.81,3.25
2023-09-10,13761.53,-1.93
2023-09-17,13708.33,-0.39
2023-09-24,13211.81,-3.62
2023-10-01,13219.32,0.06
2023-10-08,13431.34,1.6
2023-10-15,13407.23,-0.18
2023-10-22,12983.81,-3.16
2023-10-29,12643.01,-2.62
2023-11-05,13478.28,6.61
2023-11-12,13798.11,2.37
2023-11-19,14125.48,2.37
2023-11-26,14250.85,0.89
2023-12-03,14305.03,0.38
2023-12-10,14403.97,0.69
2023-12-17,14813.92,2.85
2023-12-24,14992.97,1.21
2023-12-31,15011.35,0.12
2024-01-07,14524.07,-3.25
2024-01-14,14972.76,3.09
2024-01-21,15310.97,2.26
2024-01-28,15455.36,0.94
2024-02-04,15628.95,1.12
2024-02-11,15990.66,2.31
2024-02-18,15775.65,-1.34
2024-02-25,15996.82,1.4
2024-03-03,16274.94,1.74
2024-03-10,16085.11,-1.17
2024-03-17,15973.17,-0.7
2024-03-24,16428.82,2.85
2024-03-31,16379.46,-0.3
2024-04-07,16248.52,-0.8
2024-04-14,16175.09,-0.45
2024-04-21,15282.01,-5.52
2024-04-28,15927.9,4.23
2024-05-05,16156.33,1.43
2024-05-12,16340.87,1.14
2024-05-19,16685.97,2.11
2024-05-26,16920.79,1.41
2024-06-02,16735.02,-1.1
2024-06-09,17133.13,2.38
2024-06-16,17688.88,3.24
2024-06-23,17689.36,0.0
2024-06-30,17732.6,0.24
2024-07-07,18352.76,3.5
2024-07-14,18398.45,0.25
2024-07-21,17726.94,-3.65
2024-07-28,17357.88,-2.08
2024-08-04,16776.16,-3.35
2024-08-11,16745.3,-0.18
2024-08-18,17631.72,5.29
2024-08-25,17877.79,1.4
2024-09-01,17713.62,-0.92
2024-09-08,16690.83,-5.77
2024-09-15,17683.98,5.95
2024-09-22,17948.32,1.49
2024-09-29,18119.59,0.95
2024-10-06,18137.85,0.1
2024-10-13,18342.94,1.13
2024-10-20,18489.55,0.8
2024-10-27,18518.61,0.16
2024-11-03,18239.92,-1.5
2024-11-10,19286.78,5.74
2024-11-17,18680.12,-3.15
2024-11-24,19003.65,1.73
2024-12-01,19218.17,1.13
2024-12-08,19859.77,3.34
2024-12-15,19926.72,0.34
2024-12-22,19572.6,-1.78
2024-12-29,19722.03,0.76
2025-01-05,19621.68,-0.51
2025-01-12,19161.63,-2.34
2025-01-19,19630.2,2.45
2025-01-26,19954.3,1.65
2025-02-02,19627.44,-1.64
2025-02-09,19523.4,-0.53
2025-02-16,20026.77,2.58
2025-02-23,19524.01,-2.51
2025-03-02,18847.28,-3.47
2025-03-09,18196.22,-3.45
2025-03-16,17754.09,-2.43
2025-03-23,17784.05,0.17
2025-03-30,17322.99,-2.59
2025-04-06,15587.79,-10.02
2025-04-13,16724.46,7.29
2025-04-20,16286.45,-2.62
2025-04-27,17382.94,6.73
2025-05-04,17977.73,3.42
2025-05-11,17928.92,-0.27
2025-05-18,19211.1,7.15
2025-05-25,18737.21,-2.47
2025-06-01,19113.77,2.01
2025-06-08,19529.95,2.18
2025-06-15,19406.83,-0.63
2025-06-22,19447.41,0.21
